country,state_abbr,state_name,name,osm_type,osm_id,admin_level,level_name,wikidata,fips,alt_name,short_name,official_name
US,NC,North Carolina,Crossnore,way,38124924,8,Cities/Towns/Villages/Municipalities,Q2026723,,,,
US,NC,North Carolina,East Laurinburg,relation,176769,8,Cities/Towns/Villages/Municipalities,Q2045333,,,,
US,NC,North Carolina,Laurinburg,relation,176770,8,Cities/Towns/Villages/Municipalities,Q1904873,,,,
US,NC,North Carolina,Washington Park,relation,176785,8,Cities/Towns/Villages/Municipalities,Q261349,,,,
US,NC,North Carolina,Butner,relation,176787,8,Cities/Towns/Villages/Municipalities,Q578225,,,,
US,NC,North Carolina,Kure Beach,relation,176796,8,Cities/Towns/Villages/Municipalities,Q2027465,,,,
US,NC,North Carolina,Carolina Beach,relation,176797,8,Cities/Towns/Villages/Municipalities,Q1044392,,,,
US,NC,North Carolina,Carolina Shores,relation,176830,8,Cities/Towns/Villages/Municipalities,Q2027559,,,,
US,NC,North Carolina,Calabash,relation,176831,8,Cities/Towns/Villages/Municipalities,Q2026755,,,,
US,NC,North Carolina,Sunset Beach,relation,176832,8,Cities/Towns/Villages/Municipalities,Q2025406,,,,
US,NC,North Carolina,Northwest,relation,176837,8,Cities/Towns/Villages/Municipalities,Q2022668,,,,
US,NC,North Carolina,Sandy Creek,relation,176838,8,Cities/Towns/Villages/Municipalities,Q1881733,,,,
US,NC,North Carolina,Saint Helena,relation,176840,8,Cities/Towns/Villages/Municipalities,Q2498035,,,,
US,NC,North Carolina,Topsail Beach,relation,176841,8,Cities/Towns/Villages/Municipalities,Q2022410,,,,
US,NC,North Carolina,Winfall,relation,176854,8,Cities/Towns/Villages/Municipalities,Q2022297,,,,
US,NC,North Carolina,Mesic,relation,176857,8,Cities/Towns/Villages/Municipalities,Q2026464,,,,
US,NC,North Carolina,Vandemere,relation,176858,8,Cities/Towns/Villages/Municipalities,Q1959469,,,,
US,NC,North Carolina,Minnesott Beach,relation,176859,8,Cities/Towns/Villages/Municipalities,Q1897700,,,,
US,NC,North Carolina,Arapahoe,relation,176860,8,Cities/Towns/Villages/Municipalities,Q2028740,,,,
US,NC,North Carolina,Grantsboro,relation,176865,8,Cities/Towns/Villages/Municipalities,Q4026239,,,,
US,NC,North Carolina,Alliance,relation,176866,8,Cities/Towns/Villages/Municipalities,Q2028984,,,,
US,NC,North Carolina,Bayboro,relation,176867,8,Cities/Towns/Villages/Municipalities,Q1861520,,,,
US,NC,North Carolina,Lowell,relation,176879,8,Cities/Towns/Villages/Municipalities,Q2025666,,,,
US,NC,North Carolina,Dellview,relation,176890,8,Cities/Towns/Villages/Municipalities,Q3475213,,,,
US,NC,North Carolina,Cramerton,relation,176891,8,Cities/Towns/Villages/Municipalities,Q1138788,,,,
US,NC,North Carolina,Trent Woods,relation,176894,8,Cities/Towns/Villages/Municipalities,Q2022457,,,,Town of Trent Woods
US,NC,North Carolina,Ruth,relation,176903,8,Cities/Towns/Villages/Municipalities,Q2027632,,,,
US,NC,North Carolina,Spindale,relation,176906,8,Cities/Towns/Villages/Municipalities,Q2023604,,,,
US,NC,North Carolina,Dillsboro,relation,176913,8,Cities/Towns/Villages/Municipalities,Q2025785,,,,
US,NC,North Carolina,Forest Hills,relation,176916,8,Cities/Towns/Villages/Municipalities,Q2452604,,,,
US,NC,North Carolina,Sandyfield,relation,176919,8,Cities/Towns/Villages/Municipalities,Q2026351,,,,
US,NC,North Carolina,Pineville,relation,176951,8,Cities/Towns/Villages/Municipalities,Q2029607,,,,
US,NC,North Carolina,Matthews,relation,176954,8,Cities/Towns/Villages/Municipalities,Q2028173,,,,
US,NC,North Carolina,Lake Park,relation,177018,8,Cities/Towns/Villages/Municipalities,Q623567,,,,
US,NC,North Carolina,Hemby Bridge,relation,177020,8,Cities/Towns/Villages/Municipalities,Q2024615,,,,
US,NC,North Carolina,Fairview,relation,177021,8,Cities/Towns/Villages/Municipalities,Q3473955,,,,
US,NC,North Carolina,Bogue,relation,177034,8,Cities/Towns/Villages/Municipalities,Q2022966,,,,
US,NC,North Carolina,Indian Beach,relation,177046,8,Cities/Towns/Villages/Municipalities,Q1987222,,,,
US,NC,North Carolina,Dobbins Heights,relation,177047,8,Cities/Towns/Villages/Municipalities,Q1893312,,,,
US,NC,North Carolina,Ossipee,relation,177051,8,Cities/Towns/Villages/Municipalities,Q2060562,,,,
US,NC,North Carolina,Green Level,relation,177053,8,Cities/Towns/Villages/Municipalities,Q2024067,,,,
US,NC,North Carolina,Madison,relation,177079,8,Cities/Towns/Villages/Municipalities,Q2026940,,,,
US,NC,North Carolina,Bethania,relation,177090,8,Cities/Towns/Villages/Municipalities,Q831168,,,,
US,NC,North Carolina,Midway,relation,177211,8,Cities/Towns/Villages/Municipalities,Q3475443,,,,
US,NC,North Carolina,Stanfield,relation,177233,8,Cities/Towns/Villages/Municipalities,Q623030,,,,
US,NC,North Carolina,Jonesville,relation,177278,8,Cities/Towns/Villages/Municipalities,Q2029248,,,,
US,NC,North Carolina,Duck,relation,177285,8,Cities/Towns/Villages/Municipalities,Q2724064,,,,
US,NC,North Carolina,Southern Shores,relation,177287,8,Cities/Towns/Villages/Municipalities,Q2022773,,,,
US,NC,North Carolina,Kill Devil Hills,relation,177288,8,Cities/Towns/Villages/Municipalities,Q2029051,,,,
US,NC,North Carolina,Weldon,relation,177311,8,Cities/Towns/Villages/Municipalities,Q2028446,,,,
US,NC,North Carolina,North Topsail Beach,relation,177318,8,Cities/Towns/Villages/Municipalities,Q2025527,,,,
US,NC,North Carolina,Stokesdale,relation,177326,8,Cities/Towns/Villages/Municipalities,Q2022557,,,,
US,NC,North Carolina,Brunswick,relation,177329,8,Cities/Towns/Villages/Municipalities,Q994141,,,,
US,NC,North Carolina,East Spencer,relation,177330,8,Cities/Towns/Villages/Municipalities,Q2025086,,,,
US,NC,North Carolina,Trinity,relation,177366,8,Cities/Towns/Villages/Municipalities,Q2022497,,,,
US,NC,North Carolina,Misenheimer,relation,177367,8,Cities/Towns/Villages/Municipalities,Q3474795,,,,
US,NC,North Carolina,Richfield,relation,177368,8,Cities/Towns/Villages/Municipalities,Q2025751,,,,
US,NC,North Carolina,Biltmore Forest,relation,177379,8,Cities/Towns/Villages/Municipalities,Q920137,,,,
US,NC,North Carolina,Montreat,relation,177383,8,Cities/Towns/Villages/Municipalities,Q736831,,,,
US,NC,North Carolina,Mills River,relation,177400,8,Cities/Towns/Villages/Municipalities,Q3475128,,,,
US,NC,North Carolina,Wilsons Mills,relation,177402,8,Cities/Towns/Villages/Municipalities,Q2025176,,,,
US,NC,North Carolina,Dortches,relation,177404,8,Cities/Towns/Villages/Municipalities,Q2022794,,,,
US,NC,North Carolina,Red Oak,relation,177405,8,Cities/Towns/Villages/Municipalities,Q2023859,,,,
US,NC,North Carolina,Conetoe,relation,177409,8,Cities/Towns/Villages/Municipalities,Q2025123,,,,
US,NC,North Carolina,Charlotte,relation,177415,8,Cities/Towns/Villages/Municipalities,Q16565,,,,
US,NC,North Carolina,Sawmills,relation,177417,8,Cities/Towns/Villages/Municipalities,Q2023378,,,,
US,NC,North Carolina,Cedar Point,relation,177428,8,Cities/Towns/Villages/Municipalities,Q2026554,,,,
US,NC,North Carolina,Emerald Isle,relation,177438,8,Cities/Towns/Villages/Municipalities,Q1947381,,,,
US,NC,North Carolina,Pine Knoll Shores,relation,177444,8,Cities/Towns/Villages/Municipalities,Q2028379,,,,
US,NC,North Carolina,Red Springs,relation,177499,8,Cities/Towns/Villages/Municipalities,Q2026256,,,,
US,NC,North Carolina,Kitty Hawk,relation,177502,8,Cities/Towns/Villages/Municipalities,Q628311,,,,
US,NC,North Carolina,Nags Head,relation,177504,8,Cities/Towns/Villages/Municipalities,Q2028067,,,,
US,NC,North Carolina,Sugar Mountain,relation,177505,8,Cities/Towns/Villages/Municipalities,Q1926685,,,,
US,NC,North Carolina,Pleasant Garden,relation,178399,8,Cities/Towns/Villages/Municipalities,Q2027449,,,,
US,NC,North Carolina,Black Mountain,relation,178941,8,Cities/Towns/Villages/Municipalities,Q2413277,,,,
US,NC,North Carolina,Woodfin,relation,178943,8,Cities/Towns/Villages/Municipalities,Q2025657,,,,
US,NC,North Carolina,Fairview,relation,178951,8,Cities/Towns/Villages/Municipalities,Q2025717,,,,
US,NC,North Carolina,Ansonville,relation,178952,8,Cities/Towns/Villages/Municipalities,Q596220,,,,
US,NC,North Carolina,Lilesville,relation,178953,8,Cities/Towns/Villages/Municipalities,Q2023053,,,,
US,NC,North Carolina,McFarlan,relation,178954,8,Cities/Towns/Villages/Municipalities,Q2030925,,,,
US,NC,North Carolina,Morven,relation,178955,8,Cities/Towns/Villages/Municipalities,Q1837894,,,,
US,NC,North Carolina,Peachland,relation,178956,8,Cities/Towns/Villages/Municipalities,Q2023821,,,,
US,NC,North Carolina,Polkton,relation,178957,8,Cities/Towns/Villages/Municipalities,Q2027424,,,,
US,NC,North Carolina,Wadesboro,relation,178958,8,Cities/Towns/Villages/Municipalities,Q2024135,,,,
US,NC,North Carolina,Gibson,relation,178959,8,Cities/Towns/Villages/Municipalities,Q2024009,,,,
US,NC,North Carolina,Maxton,relation,178960,8,Cities/Towns/Villages/Municipalities,Q1865512,,,,
US,NC,North Carolina,Wagram,relation,178961,8,Cities/Towns/Villages/Municipalities,Q2022351,,,,
US,NC,North Carolina,Turkey,relation,178962,8,Cities/Towns/Villages/Municipalities,Q2024092,,,,
US,NC,North Carolina,Salemburg,relation,178963,8,Cities/Towns/Villages/Municipalities,Q1983702,,,,
US,NC,North Carolina,Roseboro,relation,178964,8,Cities/Towns/Villages/Municipalities,Q2029703,,,,
US,NC,North Carolina,Newton Grove,relation,178965,8,Cities/Towns/Villages/Municipalities,Q2023204,,,,
US,NC,North Carolina,Harrells,relation,178966,8,Cities/Towns/Villages/Municipalities,Q2024309,,,,
US,NC,North Carolina,Garland,relation,178968,8,Cities/Towns/Villages/Municipalities,Q2029642,,,,
US,NC,North Carolina,Faison,relation,178969,8,Cities/Towns/Villages/Municipalities,Q2023272,,,,
US,NC,North Carolina,Clinton,relation,178970,8,Cities/Towns/Villages/Municipalities,Q305349,,,,
US,NC,North Carolina,Autryville,relation,178971,8,Cities/Towns/Villages/Municipalities,Q2023330,,,,
US,NC,North Carolina,Boone,relation,178973,8,Cities/Towns/Villages/Municipalities,Q893055,,,,
US,NC,North Carolina,Blowing Rock,relation,178974,8,Cities/Towns/Villages/Municipalities,Q2023662,,,,
US,NC,North Carolina,Seven Devils,relation,178975,8,Cities/Towns/Villages/Municipalities,Q2024181,,,,
US,NC,North Carolina,Beech Mountain,relation,178976,8,Cities/Towns/Villages/Municipalities,Q2026889,,,,
US,NC,North Carolina,Belwood,relation,178977,8,Cities/Towns/Villages/Municipalities,Q2026371,,,,
US,NC,North Carolina,Boiling Springs,relation,178978,8,Cities/Towns/Villages/Municipalities,Q2012320,,,,
US,NC,North Carolina,Casar,relation,178979,8,Cities/Towns/Villages/Municipalities,Q2024871,,,,
US,NC,North Carolina,Earl,relation,178980,8,Cities/Towns/Villages/Municipalities,Q2025840,,,,
US,NC,North Carolina,Fallston,relation,178981,8,Cities/Towns/Villages/Municipalities,Q1966710,,,,
US,NC,North Carolina,Grover,relation,178982,8,Cities/Towns/Villages/Municipalities,Q2023095,,,,
US,NC,North Carolina,Kingstown,relation,178983,8,Cities/Towns/Villages/Municipalities,Q2022803,,,,
US,NC,North Carolina,Lattimore,relation,178984,8,Cities/Towns/Villages/Municipalities,Q2024382,,,,
US,NC,North Carolina,Lawndale,relation,178985,8,Cities/Towns/Villages/Municipalities,Q2022849,,,,
US,NC,North Carolina,Mooresboro,relation,178986,8,Cities/Towns/Villages/Municipalities,Q2029617,,,,
US,NC,North Carolina,Patterson Springs,relation,178987,8,Cities/Towns/Villages/Municipalities,Q2045203,,,,
US,NC,North Carolina,Polkville,relation,178988,8,Cities/Towns/Villages/Municipalities,Q2025857,,,,
US,NC,North Carolina,Shelby,relation,178989,8,Cities/Towns/Villages/Municipalities,Q2029222,,,,
US,NC,North Carolina,Waco,relation,178990,8,Cities/Towns/Villages/Municipalities,Q1818482,,,,
US,NC,North Carolina,Walnut Creek,relation,178991,8,Cities/Towns/Villages/Municipalities,Q2122298,,,,
US,NC,North Carolina,Seven Springs,relation,178992,8,Cities/Towns/Villages/Municipalities,Q2025846,,,,
US,NC,North Carolina,Pikeville,relation,178993,8,Cities/Towns/Villages/Municipalities,Q2024271,,,,
US,NC,North Carolina,Mount Olive,relation,178994,8,Cities/Towns/Villages/Municipalities,Q2025945,,,,
US,NC,North Carolina,Goldsboro,relation,178995,8,Cities/Towns/Villages/Municipalities,Q367400,,,,
US,NC,North Carolina,Fremont,relation,178996,8,Cities/Towns/Villages/Municipalities,Q2027763,,,,
US,NC,North Carolina,Eureka,relation,178997,8,Cities/Towns/Villages/Municipalities,Q2023159,,,,
US,NC,North Carolina,Old Fort,relation,178998,8,Cities/Towns/Villages/Municipalities,Q2024235,,,,
US,NC,North Carolina,Marion,relation,178999,8,Cities/Towns/Villages/Municipalities,Q2028875,,,,
US,NC,North Carolina,Mars Hill,relation,179000,8,Cities/Towns/Villages/Municipalities,Q2024024,,,,
US,NC,North Carolina,Marshall,relation,179002,8,Cities/Towns/Villages/Municipalities,Q2025958,,,,
US,NC,North Carolina,Hot Springs,relation,179003,8,Cities/Towns/Villages/Municipalities,Q2024533,,,,
US,NC,North Carolina,Rosman,relation,179004,8,Cities/Towns/Villages/Municipalities,Q2027369,,,,
US,NC,North Carolina,Brevard,relation,179005,8,Cities/Towns/Villages/Municipalities,Q2028837,,,,Brevard
US,NC,North Carolina,Flat Rock,relation,179006,8,Cities/Towns/Villages/Municipalities,Q3459852,,,,
US,NC,North Carolina,Fletcher,relation,179007,8,Cities/Towns/Villages/Municipalities,Q653837,,,,
US,NC,North Carolina,Hendersonville,relation,179008,8,Cities/Towns/Villages/Municipalities,Q678740,,,,
US,NC,North Carolina,Laurel Park,relation,179009,8,Cities/Towns/Villages/Municipalities,Q2023781,,,,
US,NC,North Carolina,Aurora,relation,179010,8,Cities/Towns/Villages/Municipalities,Q2027984,,,,
US,NC,North Carolina,Bath,relation,179011,8,Cities/Towns/Villages/Municipalities,Q547581,,,,Town of Bath
US,NC,North Carolina,Belhaven,relation,179012,8,Cities/Towns/Villages/Municipalities,Q2024646,,,,
US,NC,North Carolina,Chocowinity,relation,179013,8,Cities/Towns/Villages/Municipalities,Q1990446,,,,
US,NC,North Carolina,Pantego,relation,179014,8,Cities/Towns/Villages/Municipalities,Q2030911,,,,
US,NC,North Carolina,Washington,relation,179015,8,Cities/Towns/Villages/Municipalities,Q1026008,,,,
US,NC,North Carolina,Creedmoor,relation,179016,8,Cities/Towns/Villages/Municipalities,Q2025256,,,,
US,NC,North Carolina,Oxford,relation,179019,8,Cities/Towns/Villages/Municipalities,Q2022826,,,,
US,NC,North Carolina,Stem,relation,179020,8,Cities/Towns/Villages/Municipalities,Q2022686,,,,
US,NC,North Carolina,Stovall,relation,179021,8,Cities/Towns/Villages/Municipalities,Q2022336,,,,
US,NC,North Carolina,Benson,relation,179023,8,Cities/Towns/Villages/Municipalities,Q818186,,,,
US,NC,North Carolina,Clayton,relation,179024,8,Cities/Towns/Villages/Municipalities,Q1099274,,,,
US,NC,North Carolina,Four Oaks,relation,179025,8,Cities/Towns/Villages/Municipalities,Q1439972,,,,
US,NC,North Carolina,Micro,relation,179026,8,Cities/Towns/Villages/Municipalities,Q1016797,,,,
US,NC,North Carolina,Pine Level,relation,179027,8,Cities/Towns/Villages/Municipalities,Q2029624,,,,
US,NC,North Carolina,Princeton,relation,179028,8,Cities/Towns/Villages/Municipalities,Q1668229,,,,
US,NC,North Carolina,Selma,relation,179029,8,Cities/Towns/Villages/Municipalities,Q2026441,,,,
US,NC,North Carolina,Smithfield,relation,179030,8,Cities/Towns/Villages/Municipalities,Q165482,,,,Town of Smithfield
US,NC,North Carolina,Zebulon,relation,179031,8,Cities/Towns/Villages/Municipalities,Q169536,,,,
US,NC,North Carolina,Wilmington,relation,179032,8,Cities/Towns/Villages/Municipalities,Q659400,,,,
US,NC,North Carolina,Wrightsville Beach,relation,179033,8,Cities/Towns/Villages/Municipalities,Q2025155,,,,
US,NC,North Carolina,Rocky Mount,relation,179034,8,Cities/Towns/Villages/Municipalities,Q1021026,,,,
US,NC,North Carolina,Whitakers,relation,179035,8,Cities/Towns/Villages/Municipalities,Q2043847,,,,
US,NC,North Carolina,Bailey,relation,179036,8,Cities/Towns/Villages/Municipalities,Q1960160,,,,
US,NC,North Carolina,Castalia,relation,179037,8,Cities/Towns/Villages/Municipalities,Q1926590,,,,
US,NC,North Carolina,Middlesex,relation,179038,8,Cities/Towns/Villages/Municipalities,Q2022711,,,,
US,NC,North Carolina,Momeyer,relation,179039,8,Cities/Towns/Villages/Municipalities,Q2023109,,,,
US,NC,North Carolina,Nashville,relation,179041,8,Cities/Towns/Villages/Municipalities,Q599186,,,,
US,NC,North Carolina,Spring Hope,relation,179042,8,Cities/Towns/Villages/Municipalities,Q940729,,,,
US,NC,North Carolina,Morrisville,relation,179043,8,Cities/Towns/Villages/Municipalities,Q2028159,,,,
US,NC,North Carolina,Raleigh,relation,179052,8,Cities/Towns/Villages/Municipalities,Q41087,,,,
US,NC,North Carolina,Bald Head Island,relation,179053,8,Cities/Towns/Villages/Municipalities,Q1978841,,,,
US,NC,North Carolina,Belville,relation,179054,8,Cities/Towns/Villages/Municipalities,Q2024544,,,,
US,NC,North Carolina,Boiling Spring Lakes,relation,179055,8,Cities/Towns/Villages/Municipalities,Q2025941,,,,
US,NC,North Carolina,Bolivia,relation,179056,8,Cities/Towns/Villages/Municipalities,Q891370,,,,
US,NC,North Carolina,Caswell Beach,relation,179057,8,Cities/Towns/Villages/Municipalities,Q2027437,,,,
US,NC,North Carolina,Leland,relation,179059,8,Cities/Towns/Villages/Municipalities,Q2028761,,,,
US,NC,North Carolina,Navassa,relation,179060,8,Cities/Towns/Villages/Municipalities,Q2022994,,,,
US,NC,North Carolina,Oak Island,relation,179061,8,Cities/Towns/Villages/Municipalities,Q2025710,,,,
US,NC,North Carolina,Ocean Isle Beach,relation,179062,8,Cities/Towns/Villages/Municipalities,Q2024499,,,,
US,NC,North Carolina,St. James,relation,179063,8,Cities/Towns/Villages/Municipalities,Q2027223,,,,
US,NC,North Carolina,Shallotte,relation,179688,8,Cities/Towns/Villages/Municipalities,Q1879225,,,,
US,NC,North Carolina,Southport,relation,179689,8,Cities/Towns/Villages/Municipalities,Q629993,,,,
US,NC,North Carolina,Varnamtown,relation,179690,8,Cities/Towns/Villages/Municipalities,Q1871836,,,,
US,NC,North Carolina,Ahoskie,relation,179691,8,Cities/Towns/Villages/Municipalities,Q370172,,,,
US,NC,North Carolina,Cofield,relation,179695,8,Cities/Towns/Villages/Municipalities,Q2880710,,,,
US,NC,North Carolina,Como,relation,179696,8,Cities/Towns/Villages/Municipalities,Q2495698,,,,
US,NC,North Carolina,Harrellsville,relation,179697,8,Cities/Towns/Villages/Municipalities,Q2022931,,,,
US,NC,North Carolina,Murfreesboro,relation,179699,8,Cities/Towns/Villages/Municipalities,Q2026638,,,,
US,NC,North Carolina,Winton,relation,179700,8,Cities/Towns/Villages/Municipalities,Q1906573,,,,
US,NC,North Carolina,Atkinson,relation,179701,8,Cities/Towns/Villages/Municipalities,Q2027754,,,,
US,NC,North Carolina,Burgaw,relation,179702,8,Cities/Towns/Villages/Municipalities,Q939362,,,,
US,NC,North Carolina,Watha,relation,179703,8,Cities/Towns/Villages/Municipalities,Q2022564,,,,
US,NC,North Carolina,Wake Forest,relation,179707,8,Cities/Towns/Villages/Municipalities,Q2022236,,,,
US,NC,North Carolina,Bunn,relation,179708,8,Cities/Towns/Villages/Municipalities,Q2045175,,,,
US,NC,North Carolina,Franklinton,relation,179710,8,Cities/Towns/Villages/Municipalities,Q1445323,,,,
US,NC,North Carolina,Louisburg,relation,179711,8,Cities/Towns/Villages/Municipalities,Q2026010,,,,
US,NC,North Carolina,Lake Santeetlah,relation,179717,8,Cities/Towns/Villages/Municipalities,Q2025053,,,,
US,NC,North Carolina,Robbinsville,relation,179718,8,Cities/Towns/Villages/Municipalities,Q1109991,,,,
US,NC,North Carolina,Bryson City,relation,179719,8,Cities/Towns/Villages/Municipalities,Q2028904,,,,
US,NC,North Carolina,Hertford,relation,179720,8,Cities/Towns/Villages/Municipalities,Q389316,,,,
US,NC,North Carolina,Stonewall,relation,179721,8,Cities/Towns/Villages/Municipalities,Q2022243,,,,
US,NC,North Carolina,Oriental,relation,179723,8,Cities/Towns/Villages/Municipalities,Q2025148,,,,
US,NC,North Carolina,Columbia,relation,179725,8,Cities/Towns/Villages/Municipalities,Q2028731,,,,
US,NC,North Carolina,Stanley,relation,179727,8,Cities/Towns/Villages/Municipalities,Q2028367,,,,
US,NC,North Carolina,Spencer Mountain,relation,179728,8,Cities/Towns/Villages/Municipalities,Q2024393,,,,
US,NC,North Carolina,Ranlo,relation,179729,8,Cities/Towns/Villages/Municipalities,Q2028060,,,,
US,NC,North Carolina,Mount Holly,relation,179730,8,Cities/Towns/Villages/Municipalities,Q2030238,,,,
US,NC,North Carolina,McAdenville,relation,179731,8,Cities/Towns/Villages/Municipalities,Q2023042,,,,
US,NC,North Carolina,High Shoals,relation,179732,8,Cities/Towns/Villages/Municipalities,Q282727,,,,
US,NC,North Carolina,Gastonia,relation,179733,8,Cities/Towns/Villages/Municipalities,Q943775,,,,
US,NC,North Carolina,Dallas,relation,179736,8,Cities/Towns/Villages/Municipalities,Q2050249,,,,
US,NC,North Carolina,Cherryville,relation,179737,8,Cities/Towns/Villages/Municipalities,Q1873943,,,,
US,NC,North Carolina,Bessemer City,relation,179739,8,Cities/Towns/Villages/Municipalities,Q830132,,,,
US,NC,North Carolina,Belmont,relation,179740,8,Cities/Towns/Villages/Municipalities,Q816095,,,,
US,NC,North Carolina,Kings Mountain,relation,179741,8,Cities/Towns/Villages/Municipalities,Q1742139,,,,
US,NC,North Carolina,Elizabeth City,relation,179745,8,Cities/Towns/Villages/Municipalities,Q1018467,,,,
US,NC,North Carolina,Vanceboro,relation,179746,8,Cities/Towns/Villages/Municipalities,Q2025269,,,,
US,NC,North Carolina,River Bend,relation,179747,8,Cities/Towns/Villages/Municipalities,Q2022885,,,,Town of River Bend
US,NC,North Carolina,New Bern,relation,179748,8,Cities/Towns/Villages/Municipalities,Q1002490,,,,City of New Bern
US,NC,North Carolina,Havelock,relation,179751,8,Cities/Towns/Villages/Municipalities,Q2027902,,,,
US,NC,North Carolina,Dover,relation,179752,8,Cities/Towns/Villages/Municipalities,Q2023219,,,,
US,NC,North Carolina,Cove City,relation,179753,8,Cities/Towns/Villages/Municipalities,Q2023835,,,,
US,NC,North Carolina,Bridgeton,relation,179754,8,Cities/Towns/Villages/Municipalities,Q2024803,,,,
US,NC,North Carolina,Burnsville,relation,179757,8,Cities/Towns/Villages/Municipalities,Q2029541,,,,
US,NC,North Carolina,Bostic,relation,179758,8,Cities/Towns/Villages/Municipalities,Q2023939,,,,
US,NC,North Carolina,Chimney Rock,relation,179759,8,Cities/Towns/Villages/Municipalities,Q2412402,,,,
US,NC,North Carolina,Ellenboro,relation,179761,8,Cities/Towns/Villages/Municipalities,Q2024230,,,,
US,NC,North Carolina,Forest City,relation,179762,8,Cities/Towns/Villages/Municipalities,Q2027204,,,,
US,NC,North Carolina,Lake Lure,relation,179763,8,Cities/Towns/Villages/Municipalities,Q303620,,,,
US,NC,North Carolina,Rutherfordton,relation,179764,8,Cities/Towns/Villages/Municipalities,Q2026051,,,,
US,NC,North Carolina,Wallace,relation,179765,8,Cities/Towns/Villages/Municipalities,Q1572554,,,,
US,NC,North Carolina,Beulaville,relation,179766,8,Cities/Towns/Villages/Municipalities,Q2027726,,,,
US,NC,North Carolina,Calypso,relation,179767,8,Cities/Towns/Villages/Municipalities,Q2025103,,,,
US,NC,North Carolina,Greenevers,relation,179768,8,Cities/Towns/Villages/Municipalities,Q2024657,,,,
US,NC,North Carolina,Kenansville,relation,179769,8,Cities/Towns/Villages/Municipalities,Q2029297,,,,
US,NC,North Carolina,Magnolia,relation,179770,8,Cities/Towns/Villages/Municipalities,Q2024957,,,,
US,NC,North Carolina,Rose Hill,relation,179771,8,Cities/Towns/Villages/Municipalities,Q2024757,,,,
US,NC,North Carolina,Teachey,relation,179772,8,Cities/Towns/Villages/Municipalities,Q2025424,,,,
US,NC,North Carolina,Warsaw,relation,179774,8,Cities/Towns/Villages/Municipalities,Q2026708,,,,
US,NC,North Carolina,Canton,relation,179777,8,Cities/Towns/Villages/Municipalities,Q2029343,,,,
US,NC,North Carolina,Clyde,relation,179778,8,Cities/Towns/Villages/Municipalities,Q2026960,,,,
US,NC,North Carolina,Maggie Valley,relation,179781,8,Cities/Towns/Villages/Municipalities,Q2045014,,,,
US,NC,North Carolina,Waynesville,relation,179787,8,Cities/Towns/Villages/Municipalities,Q2022289,,,,
US,NC,North Carolina,Andrews,relation,179788,8,Cities/Towns/Villages/Municipalities,Q2029028,,,,
US,NC,North Carolina,Murphy,relation,179790,8,Cities/Towns/Villages/Municipalities,Q2029042,,,,
US,NC,North Carolina,Cary,relation,179796,8,Cities/Towns/Villages/Municipalities,Q852665,,,,Cary
US,NC,North Carolina,Goldston,relation,179797,8,Cities/Towns/Villages/Municipalities,Q2025373,,,,
US,NC,North Carolina,Pittsboro,relation,179799,8,Cities/Towns/Villages/Municipalities,Q212559,,,,
US,NC,North Carolina,Siler City,relation,179801,8,Cities/Towns/Villages/Municipalities,Q2024154,,,,
US,NC,North Carolina,Highlands,relation,179803,8,Cities/Towns/Villages/Municipalities,Q2025093,,,,
US,NC,North Carolina,Sylva,relation,179804,8,Cities/Towns/Villages/Municipalities,Q2043861,,,,
US,NC,North Carolina,Webster,relation,179805,8,Cities/Towns/Villages/Municipalities,Q2022713,,,,
US,NC,North Carolina,Leggett,relation,179806,8,Cities/Towns/Villages/Municipalities,Q429293,,,,
US,NC,North Carolina,Macclesfield,relation,179807,8,Cities/Towns/Villages/Municipalities,Q2023677,,,,
US,NC,North Carolina,Pinetops,relation,179808,8,Cities/Towns/Villages/Municipalities,Q2025745,,,,
US,NC,North Carolina,Princeville,relation,179809,8,Cities/Towns/Villages/Municipalities,Q2026249,,,,
US,NC,North Carolina,Speed,relation,179810,8,Cities/Towns/Villages/Municipalities,Q2024438,,,,
US,NC,North Carolina,Tarboro,relation,179811,8,Cities/Towns/Villages/Municipalities,Q931645,,,,
US,NC,North Carolina,Franklin,relation,179812,8,Cities/Towns/Villages/Municipalities,Q767467,,,,
US,NC,North Carolina,Hayesville,relation,179813,8,Cities/Towns/Villages/Municipalities,Q302144,,,,
US,NC,North Carolina,Sanford,relation,179822,8,Cities/Towns/Villages/Municipalities,Q2022913,,,,
US,NC,North Carolina,Broadway,relation,179823,8,Cities/Towns/Villages/Municipalities,Q2029378,,,,
US,NC,North Carolina,West Jefferson,relation,179824,8,Cities/Towns/Villages/Municipalities,Q2028357,,,,
US,NC,North Carolina,Lansing,relation,179825,8,Cities/Towns/Villages/Municipalities,Q2029804,,,,
US,NC,North Carolina,Jefferson,relation,179826,8,Cities/Towns/Villages/Municipalities,Q2029233,,,,
US,NC,North Carolina,White Lake,relation,179827,8,Cities/Towns/Villages/Municipalities,Q2026608,,,,
US,NC,North Carolina,Tar Heel,relation,179828,8,Cities/Towns/Villages/Municipalities,Q2022369,,,,
US,NC,North Carolina,Elizabethtown,relation,179829,8,Cities/Towns/Villages/Municipalities,Q2026498,,,,
US,NC,North Carolina,East Arcadia,relation,179830,8,Cities/Towns/Villages/Municipalities,Q2026827,,,,
US,NC,North Carolina,Dublin,relation,179831,8,Cities/Towns/Villages/Municipalities,Q2024796,,,,
US,NC,North Carolina,Clarkton,relation,179832,8,Cities/Towns/Villages/Municipalities,Q2025031,,,,
US,NC,North Carolina,Bladenboro,relation,179833,8,Cities/Towns/Villages/Municipalities,Q2023011,,,,
US,NC,North Carolina,Eastover,relation,179834,8,Cities/Towns/Villages/Municipalities,Q924702,,,,
US,NC,North Carolina,Wade,relation,179836,8,Cities/Towns/Villages/Municipalities,Q2022642,,,,
US,NC,North Carolina,Stedman,relation,179837,8,Cities/Towns/Villages/Municipalities,Q2022359,,,,
US,NC,North Carolina,Spring Lake,relation,179838,8,Cities/Towns/Villages/Municipalities,Q2024555,,,,
US,NC,North Carolina,Linden,relation,179839,8,Cities/Towns/Villages/Municipalities,Q2027620,,,,
US,NC,North Carolina,Hope Mills,relation,179840,8,Cities/Towns/Villages/Municipalities,Q2028013,,,,
US,NC,North Carolina,Godwin,relation,179841,8,Cities/Towns/Villages/Municipalities,Q2027430,,,,
US,NC,North Carolina,Fayetteville,relation,179846,8,Cities/Towns/Villages/Municipalities,Q331104,,,,
US,NC,North Carolina,Falcon,relation,179847,8,Cities/Towns/Villages/Municipalities,Q1865165,,,,
US,NC,North Carolina,Walstonburg,relation,179848,8,Cities/Towns/Villages/Municipalities,Q2022656,,,,
US,NC,North Carolina,Snow Hill,relation,179849,8,Cities/Towns/Villages/Municipalities,Q2029597,,,,
US,NC,North Carolina,Hookerton,relation,179850,8,Cities/Towns/Villages/Municipalities,Q967477,,,,
US,NC,North Carolina,Huntersville,relation,179853,8,Cities/Towns/Villages/Municipalities,Q2028183,,,,
US,NC,North Carolina,Cornelius,relation,179854,8,Cities/Towns/Villages/Municipalities,Q2028004,,,,
US,NC,North Carolina,Weddington,relation,179855,8,Cities/Towns/Villages/Municipalities,Q2025513,,,,
US,NC,North Carolina,Stallings,relation,179856,8,Cities/Towns/Villages/Municipalities,Q387568,,,,
US,NC,North Carolina,Mint Hill,relation,179857,8,Cities/Towns/Villages/Municipalities,Q2030900,,,,
US,NC,North Carolina,Davidson,relation,179858,8,Cities/Towns/Villages/Municipalities,Q2026925,,,,
US,NC,North Carolina,Carrboro,relation,179859,8,Cities/Towns/Villages/Municipalities,Q780330,,,,
US,NC,North Carolina,Chapel Hill,relation,179860,8,Cities/Towns/Villages/Municipalities,Q671812,,,,
US,NC,North Carolina,Durham,relation,179868,8,Cities/Towns/Villages/Municipalities,Q49229,,,,
US,NC,North Carolina,Hillsborough,relation,179869,8,Cities/Towns/Villages/Municipalities,Q1008927,,,,
US,NC,North Carolina,St. Pauls,relation,179870,8,Cities/Towns/Villages/Municipalities,Q651403,,,,
US,NC,North Carolina,Rowland,relation,179872,8,Cities/Towns/Villages/Municipalities,Q2023553,,,,
US,NC,North Carolina,Rennert,relation,179873,8,Cities/Towns/Villages/Municipalities,Q1918637,,,,
US,NC,North Carolina,Raynham,relation,179875,8,Cities/Towns/Villages/Municipalities,Q2030892,,,,
US,NC,North Carolina,Proctorville,relation,179876,8,Cities/Towns/Villages/Municipalities,Q2024777,,,,
US,NC,North Carolina,Pembroke,relation,179877,8,Cities/Towns/Villages/Municipalities,Q930141,,,,
US,NC,North Carolina,Parkton,relation,179879,8,Cities/Towns/Villages/Municipalities,Q1977948,,,,
US,NC,North Carolina,Orrum,relation,179880,8,Cities/Towns/Villages/Municipalities,Q1960926,,,,
US,NC,North Carolina,Marietta,relation,179881,8,Cities/Towns/Villages/Municipalities,Q2026733,,,,
US,NC,North Carolina,McDonald,relation,179882,8,Cities/Towns/Villages/Municipalities,Q1858162,,,,
US,NC,North Carolina,Lumberton,relation,179883,8,Cities/Towns/Villages/Municipalities,Q2029674,,,,
US,NC,North Carolina,Lumber Bridge,relation,179884,8,Cities/Towns/Villages/Municipalities,Q2023390,,,,
US,NC,North Carolina,Fairmont,relation,179885,8,Cities/Towns/Villages/Municipalities,Q2023450,,,,
US,NC,North Carolina,Askewville,relation,179886,8,Cities/Towns/Villages/Municipalities,Q2026472,,,,
US,NC,North Carolina,Aulander,relation,179887,8,Cities/Towns/Villages/Municipalities,Q2026524,,,,
US,NC,North Carolina,Colerain,relation,179888,8,Cities/Towns/Villages/Municipalities,Q920376,,,,
US,NC,North Carolina,Kelford,relation,179889,8,Cities/Towns/Villages/Municipalities,Q2026400,,,,
US,NC,North Carolina,Lewiston Woodville,relation,179890,8,Cities/Towns/Villages/Municipalities,Q2030215,,,,
US,NC,North Carolina,Powellsville,relation,179891,8,Cities/Towns/Villages/Municipalities,Q2028776,,,,
US,NC,North Carolina,Roxobel,relation,179892,8,Cities/Towns/Villages/Municipalities,Q2026656,,,,
US,NC,North Carolina,Windsor,relation,179894,8,Cities/Towns/Villages/Municipalities,Q2027103,,,,
US,NC,North Carolina,Connelly Springs,relation,179895,8,Cities/Towns/Villages/Municipalities,Q2024946,,,,
US,NC,North Carolina,Drexel,relation,179898,8,Cities/Towns/Villages/Municipalities,Q2045319,,,,
US,NC,North Carolina,Glen Alpine,relation,179899,8,Cities/Towns/Villages/Municipalities,Q922645,,,,
US,NC,North Carolina,Hildebran,relation,179900,8,Cities/Towns/Villages/Municipalities,Q2026767,,,,
US,NC,North Carolina,Morganton,relation,179901,8,Cities/Towns/Villages/Municipalities,Q1021031,,,,
US,NC,North Carolina,Rhodhiss,relation,179902,8,Cities/Towns/Villages/Municipalities,Q2027047,,,,
US,NC,North Carolina,Rutherford College,relation,179903,8,Cities/Towns/Villages/Municipalities,Q2024050,,,,
US,NC,North Carolina,Valdese,relation,179905,8,Cities/Towns/Villages/Municipalities,Q2022432,,,,
US,NC,North Carolina,Bakersville,relation,179908,8,Cities/Towns/Villages/Municipalities,Q2029412,,,,
US,NC,North Carolina,Spruce Pine,relation,179909,8,Cities/Towns/Villages/Municipalities,Q2023399,,,,
US,NC,North Carolina,Edenton,relation,179910,8,Cities/Towns/Villages/Municipalities,Q2028258,,,,
US,NC,North Carolina,Lenoir,relation,179912,8,Cities/Towns/Villages/Municipalities,Q2028342,,,,
US,NC,North Carolina,Hudson,relation,179913,8,Cities/Towns/Villages/Municipalities,Q2024960,,,,
US,NC,North Carolina,Granite Falls,relation,179914,8,Cities/Towns/Villages/Municipalities,Q2024995,,,,
US,NC,North Carolina,Gamewell,relation,179915,8,Cities/Towns/Villages/Municipalities,Q942030,,,,
US,NC,North Carolina,Cedar Rock,relation,179916,8,Cities/Towns/Villages/Municipalities,Q2765050,,,,
US,NC,North Carolina,Cajah's Mountain,relation,179917,8,Cities/Towns/Villages/Municipalities,Q2027796,,,,
US,NC,North Carolina,Woodland,relation,179918,8,Cities/Towns/Villages/Municipalities,Q2026680,,,,
US,NC,North Carolina,Severn,relation,179919,8,Cities/Towns/Villages/Municipalities,Q2030871,,,,
US,NC,North Carolina,Seaboard,relation,179920,8,Cities/Towns/Villages/Municipalities,Q2026315,,,,
US,NC,North Carolina,Rich Square,relation,179921,8,Cities/Towns/Villages/Municipalities,Q2023296,,,,
US,NC,North Carolina,Lasker,relation,179922,8,Cities/Towns/Villages/Municipalities,Q2003751,,,,
US,NC,North Carolina,Jackson,relation,179923,8,Cities/Towns/Villages/Municipalities,Q660760,,,,
US,NC,North Carolina,Gaston,relation,179924,8,Cities/Towns/Villages/Municipalities,Q2370816,,,,
US,NC,North Carolina,Garysburg,relation,179925,8,Cities/Towns/Villages/Municipalities,Q2024664,,,,
US,NC,North Carolina,Conway,relation,179926,8,Cities/Towns/Villages/Municipalities,Q2023705,,,,
US,NC,North Carolina,Wingate,relation,179927,8,Cities/Towns/Villages/Municipalities,Q623018,,,,
US,NC,North Carolina,Wesley Chapel,relation,179928,8,Cities/Towns/Villages/Municipalities,Q623025,,,,
US,NC,North Carolina,Waxhaw,relation,179929,8,Cities/Towns/Villages/Municipalities,Q2022331,,,,
US,NC,North Carolina,Unionville,relation,179930,8,Cities/Towns/Villages/Municipalities,Q623035,,,,
US,NC,North Carolina,Monroe,relation,179931,8,Cities/Towns/Villages/Municipalities,Q1019160,,,,
US,NC,North Carolina,Mineral Springs,relation,179932,8,Cities/Towns/Villages/Municipalities,Q623033,,,,
US,NC,North Carolina,Marvin,relation,179933,8,Cities/Towns/Villages/Municipalities,Q2378331,,,,
US,NC,North Carolina,Marshville,relation,179934,8,Cities/Towns/Villages/Municipalities,Q2026328,,,,
US,NC,North Carolina,Indian Trail,relation,179935,8,Cities/Towns/Villages/Municipalities,Q2028087,,,,
US,NC,North Carolina,Taylorsville,relation,179936,8,Cities/Towns/Villages/Municipalities,Q2023583,,,,
US,NC,North Carolina,Atlantic Beach,relation,179937,8,Cities/Towns/Villages/Municipalities,Q1376547,,,,
US,NC,North Carolina,Beaufort,relation,179938,8,Cities/Towns/Villages/Municipalities,Q813374,,,,
US,NC,North Carolina,Cape Carteret,relation,179939,8,Cities/Towns/Villages/Municipalities,Q2023179,,,,
US,NC,North Carolina,Morehead City,relation,179942,8,Cities/Towns/Villages/Municipalities,Q614483,,,,
US,NC,North Carolina,Newport,relation,179947,8,Cities/Towns/Villages/Municipalities,Q1983642,,,,
US,NC,North Carolina,Peletier,relation,179951,8,Cities/Towns/Villages/Municipalities,Q2025287,,,,
US,NC,North Carolina,Bermuda Run,relation,179953,8,Cities/Towns/Villages/Municipalities,Q2045091,,,,
US,NC,North Carolina,Cooleemee,relation,179955,8,Cities/Towns/Villages/Municipalities,Q2027212,,,,
US,NC,North Carolina,Mocksville,relation,179958,8,Cities/Towns/Villages/Municipalities,Q1958011,,,,
US,NC,North Carolina,Ellerbe,relation,179959,8,Cities/Towns/Villages/Municipalities,Q1842501,,,,
US,NC,North Carolina,Hamlet,relation,179960,8,Cities/Towns/Villages/Municipalities,Q1885566,,,,
US,NC,North Carolina,Hoffman,relation,179961,8,Cities/Towns/Villages/Municipalities,Q2006124,,,,
US,NC,North Carolina,Norman,relation,179962,8,Cities/Towns/Villages/Municipalities,Q2025799,,,,
US,NC,North Carolina,Rockingham,relation,179963,8,Cities/Towns/Villages/Municipalities,Q2029773,,,,
US,NC,North Carolina,Swepsonville,relation,179964,8,Cities/Towns/Villages/Municipalities,Q264177,,,,
US,NC,North Carolina,Haw River,relation,179965,8,Cities/Towns/Villages/Municipalities,Q2023027,,,,
US,NC,North Carolina,Graham,relation,179966,8,Cities/Towns/Villages/Municipalities,Q153183,,,,
US,NC,North Carolina,Gibsonville,relation,179967,8,Cities/Towns/Villages/Municipalities,Q525407,,,,
US,NC,North Carolina,Elon,relation,179968,8,Cities/Towns/Villages/Municipalities,Q2030224,,,,
US,NC,North Carolina,Burlington,relation,179970,8,Cities/Towns/Villages/Municipalities,Q1016633,,,,
US,NC,North Carolina,Alamance,relation,179971,8,Cities/Towns/Villages/Municipalities,Q2514210,,,,
US,NC,North Carolina,Mebane,relation,179973,8,Cities/Towns/Villages/Municipalities,Q931859,,,,
US,NC,North Carolina,Roxboro,relation,179975,8,Cities/Towns/Villages/Municipalities,Q1890612,,,,
US,NC,North Carolina,Winterville,relation,179978,8,Cities/Towns/Villages/Municipalities,Q2025474,,,,
US,NC,North Carolina,Simpson,relation,179979,8,Cities/Towns/Villages/Municipalities,Q3313496,,,,
US,NC,North Carolina,Grimesland,relation,179980,8,Cities/Towns/Villages/Municipalities,Q2024580,,,,
US,NC,North Carolina,Greenville,relation,179983,8,Cities/Towns/Villages/Municipalities,Q1989904,,,,
US,NC,North Carolina,Fountain,relation,179984,8,Cities/Towns/Villages/Municipalities,Q2030880,,,,
US,NC,North Carolina,Farmville,relation,179985,8,Cities/Towns/Villages/Municipalities,Q372715,,,,
US,NC,North Carolina,Falkland,relation,179986,8,Cities/Towns/Villages/Municipalities,Q2025774,,,,
US,NC,North Carolina,Bethel,relation,179987,8,Cities/Towns/Villages/Municipalities,Q2028126,,,,
US,NC,North Carolina,Ayden,relation,179988,8,Cities/Towns/Villages/Municipalities,Q1975352,,,,
US,NC,North Carolina,Grifton,relation,179989,8,Cities/Towns/Villages/Municipalities,Q372637,,,,
US,NC,North Carolina,Wentworth,relation,179990,8,Cities/Towns/Villages/Municipalities,Q2022258,,,,
US,NC,North Carolina,Stoneville,relation,179991,8,Cities/Towns/Villages/Municipalities,Q1829417,,,,
US,NC,North Carolina,Reidsville,relation,179995,8,Cities/Towns/Villages/Municipalities,Q269015,,,,
US,NC,North Carolina,Mayodan,relation,179997,8,Cities/Towns/Villages/Municipalities,Q1873157,,,,
US,NC,North Carolina,Eden,relation,179999,8,Cities/Towns/Villages/Municipalities,Q1283521,,,,
US,NC,North Carolina,Middleburg,relation,180000,8,Cities/Towns/Villages/Municipalities,Q1987192,,,,
US,NC,North Carolina,Kittrell,relation,180001,8,Cities/Towns/Villages/Municipalities,Q2023974,,,,
US,NC,North Carolina,Henderson,relation,180002,8,Cities/Towns/Villages/Municipalities,Q12891494,,,,
US,NC,North Carolina,Whispering Pines,relation,180003,8,Cities/Towns/Villages/Municipalities,Q3313453,,,,
US,NC,North Carolina,Vass,relation,180005,8,Cities/Towns/Villages/Municipalities,Q2022416,,,,
US,NC,North Carolina,Taylortown,relation,180006,8,Cities/Towns/Villages/Municipalities,Q2025307,,,,
US,NC,North Carolina,Southern Pines,relation,180010,8,Cities/Towns/Villages/Municipalities,Q2028106,,,,
US,NC,North Carolina,Robbins,relation,180014,8,Cities/Towns/Villages/Municipalities,Q2025812,,,,
US,NC,North Carolina,Pinehurst,relation,180015,8,Cities/Towns/Villages/Municipalities,Q119542,,,,
US,NC,North Carolina,Pinebluff,relation,180016,8,Cities/Towns/Villages/Municipalities,Q2024080,,,,
US,NC,North Carolina,Foxfire,relation,180017,8,Cities/Towns/Villages/Municipalities,Q2653444,,,,
US,NC,North Carolina,Carthage,relation,180018,8,Cities/Towns/Villages/Municipalities,Q1993002,,,,
US,NC,North Carolina,Cameron,relation,180019,8,Cities/Towns/Villages/Municipalities,Q959820,,,,
US,NC,North Carolina,Aberdeen,relation,180056,8,Cities/Towns/Villages/Municipalities,Q607120,,,,
US,NC,North Carolina,Apex,relation,180061,8,Cities/Towns/Villages/Municipalities,Q1876560,,,,
US,NC,North Carolina,Fuquay-Varina,relation,180063,8,Cities/Towns/Villages/Municipalities,Q2028768,,,,
US,NC,North Carolina,Garner,relation,180064,8,Cities/Towns/Villages/Municipalities,Q2028273,,,,
US,NC,North Carolina,Holly Springs,relation,180072,8,Cities/Towns/Villages/Municipalities,Q2030155,,,,
US,NC,North Carolina,Knightdale,relation,180073,8,Cities/Towns/Villages/Municipalities,Q1905830,,,,
US,NC,North Carolina,Rolesville,relation,180074,8,Cities/Towns/Villages/Municipalities,Q2025227,,,,
US,NC,North Carolina,Wendell,relation,180076,8,Cities/Towns/Villages/Municipalities,Q2022451,,,,
US,NC,North Carolina,Angier,relation,180077,8,Cities/Towns/Villages/Municipalities,Q587097,,,,
US,NC,North Carolina,Coats,relation,180078,8,Cities/Towns/Villages/Municipalities,Q2029654,,,,
US,NC,North Carolina,Dunn,relation,180079,8,Cities/Towns/Villages/Municipalities,Q1019682,,,,
US,NC,North Carolina,Erwin,relation,180080,8,Cities/Towns/Villages/Municipalities,Q2029466,,,,
US,NC,North Carolina,Lillington,relation,180081,8,Cities/Towns/Villages/Municipalities,Q2029270,,,,
US,NC,North Carolina,Clemmons,relation,180082,8,Cities/Towns/Villages/Municipalities,Q1100440,,,,
US,NC,North Carolina,Kernersville,relation,180090,8,Cities/Towns/Villages/Municipalities,Q2028144,,,,
US,NC,North Carolina,King,relation,180091,8,Cities/Towns/Villages/Municipalities,Q2029553,,,,
US,NC,North Carolina,Lewisville,relation,180093,8,Cities/Towns/Villages/Municipalities,Q1822220,,,,
US,NC,North Carolina,Rural Hall,relation,180094,8,Cities/Towns/Villages/Municipalities,Q2026409,,,,
US,NC,North Carolina,Tobaccoville,relation,180096,8,Cities/Towns/Villages/Municipalities,Q2608997,,,,
US,NC,North Carolina,Walkertown,relation,180099,8,Cities/Towns/Villages/Municipalities,Q2022446,,,,
US,NC,North Carolina,Winston-Salem,relation,180101,8,Cities/Towns/Villages/Municipalities,Q49227,,,,
US,NC,North Carolina,Yanceyville,relation,180108,8,Cities/Towns/Villages/Municipalities,Q2027141,,,,
US,NC,North Carolina,Milton,relation,180109,8,Cities/Towns/Villages/Municipalities,Q2001929,,,,
US,NC,North Carolina,Mount Pleasant,relation,180110,8,Cities/Towns/Villages/Municipalities,Q614008,,,,
US,NC,North Carolina,Midland,relation,180111,8,Cities/Towns/Villages/Municipalities,Q3345893,,,,
US,NC,North Carolina,Harrisburg,relation,180112,8,Cities/Towns/Villages/Municipalities,Q2028024,,,,
US,NC,North Carolina,Concord,relation,180114,8,Cities/Towns/Villages/Municipalities,Q1030184,,,,
US,NC,North Carolina,Locust,relation,180115,8,Cities/Towns/Villages/Municipalities,Q2029632,,,,
US,NC,North Carolina,Kannapolis,relation,180117,8,Cities/Towns/Villages/Municipalities,Q2029146,,,,
US,NC,North Carolina,Raeford,relation,180118,8,Cities/Towns/Villages/Municipalities,Q553071,,,,
US,NC,North Carolina,Pink Hill,relation,180122,8,Cities/Towns/Villages/Municipalities,Q2027809,,,,
US,NC,North Carolina,La Grange,relation,180123,8,Cities/Towns/Villages/Municipalities,Q2023126,,,,
US,NC,North Carolina,Kinston,relation,180128,8,Cities/Towns/Villages/Municipalities,Q2048581,,,,
US,NC,North Carolina,Sparta,relation,180129,8,Cities/Towns/Villages/Municipalities,Q2029194,,,,
US,NC,North Carolina,Danbury,relation,180130,8,Cities/Towns/Villages/Municipalities,Q2026186,,,,
US,NC,North Carolina,Walnut Cove,relation,180132,8,Cities/Towns/Villages/Municipalities,Q2022254,,,,
US,NC,North Carolina,Elkin,relation,180136,8,Cities/Towns/Villages/Municipalities,Q2030863,,,,
US,NC,North Carolina,Dobson,relation,180137,8,Cities/Towns/Villages/Municipalities,Q2026174,,,,
US,NC,North Carolina,Mount Airy,relation,180139,8,Cities/Towns/Villages/Municipalities,Q631590,,,,
US,NC,North Carolina,Pilot Mountain,relation,180140,8,Cities/Towns/Villages/Municipalities,Q2023506,,,,
US,NC,North Carolina,Manteo,relation,180141,8,Cities/Towns/Villages/Municipalities,Q683205,,,,
US,NC,North Carolina,Roper,relation,180142,8,Cities/Towns/Villages/Municipalities,Q2045340,,,,
US,NC,North Carolina,Plymouth,relation,180143,8,Cities/Towns/Villages/Municipalities,Q2028307,,,,
US,NC,North Carolina,Creswell,relation,180144,8,Cities/Towns/Villages/Municipalities,Q2025046,,,,
US,NC,North Carolina,Banner Elk,relation,180145,8,Cities/Towns/Villages/Municipalities,Q1808979,,,,
US,NC,North Carolina,Elk Park,relation,180147,8,Cities/Towns/Villages/Municipalities,Q2027456,,,,
US,NC,North Carolina,Grandfather,relation,180148,8,Cities/Towns/Villages/Municipalities,Q2509600,,,,
US,NC,North Carolina,Newland,relation,180149,8,Cities/Towns/Villages/Municipalities,Q2026131,,,,
US,NC,North Carolina,Brookford,relation,180150,8,Cities/Towns/Villages/Municipalities,Q2025116,,,,
US,NC,North Carolina,Catawba,relation,180151,8,Cities/Towns/Villages/Municipalities,Q2024825,,,,
US,NC,North Carolina,Claremont,relation,180153,8,Cities/Towns/Villages/Municipalities,Q2028722,,,,
US,NC,North Carolina,Conover,relation,180155,8,Cities/Towns/Villages/Municipalities,Q2027835,,,,
US,NC,North Carolina,Hickory,relation,180166,8,Cities/Towns/Villages/Municipalities,Q2028564,,,,
US,NC,North Carolina,Long View,relation,180167,8,Cities/Towns/Villages/Municipalities,Q2026812,,,,
US,NC,North Carolina,Newton,relation,180172,8,Cities/Towns/Villages/Municipalities,Q2027967,,,,
US,NC,North Carolina,Denton,relation,180187,8,Cities/Towns/Villages/Municipalities,Q2276938,,,,
US,NC,North Carolina,Lexington,relation,180189,8,Cities/Towns/Villages/Municipalities,Q181370,,,,
US,NC,North Carolina,Wallburg,relation,180195,8,Cities/Towns/Villages/Municipalities,Q3474971,,,,
US,NC,North Carolina,Enfield,relation,180198,8,Cities/Towns/Villages/Municipalities,Q518535,,,,
US,NC,North Carolina,Halifax,relation,180199,8,Cities/Towns/Villages/Municipalities,Q2026751,,,,
US,NC,North Carolina,Hobgood,relation,180200,8,Cities/Towns/Villages/Municipalities,Q2025487,,,,
US,NC,North Carolina,Littleton,relation,180201,8,Cities/Towns/Villages/Municipalities,Q2029764,,,,
US,NC,North Carolina,Roanoke Rapids,relation,180202,8,Cities/Towns/Villages/Municipalities,Q2028322,,,,
US,NC,North Carolina,Scotland Neck,relation,180205,8,Cities/Towns/Villages/Municipalities,Q2025868,,,,
US,NC,North Carolina,Holly Ridge,relation,180210,8,Cities/Towns/Villages/Municipalities,Q2023761,,,,
US,NC,North Carolina,Jacksonville,relation,180211,8,Cities/Towns/Villages/Municipalities,Q986369,,,,Jacksonville
US,NC,North Carolina,Richlands,relation,180213,8,Cities/Towns/Villages/Municipalities,Q975715,,,,
US,NC,North Carolina,Surf City,relation,180215,8,Cities/Towns/Villages/Municipalities,Q2029390,,,,
US,NC,North Carolina,Swansboro,relation,180236,8,Cities/Towns/Villages/Municipalities,Q2022530,,,,
US,NC,North Carolina,Tryon,relation,180237,8,Cities/Towns/Villages/Municipalities,Q2029202,,,,
US,NC,North Carolina,Columbus,relation,180246,8,Cities/Towns/Villages/Municipalities,Q2026104,,,,
US,NC,North Carolina,Saluda,relation,180247,8,Cities/Towns/Villages/Municipalities,Q2024972,,,,
US,NC,North Carolina,Warrenton,relation,180252,8,Cities/Towns/Villages/Municipalities,Q1885980,,,,
US,NC,North Carolina,Norlina,relation,180253,8,Cities/Towns/Villages/Municipalities,Q2027336,,,,
US,NC,North Carolina,Macon,relation,180254,8,Cities/Towns/Villages/Municipalities,Q1985132,,,,
US,NC,North Carolina,North Wilkesboro,relation,180255,8,Cities/Towns/Villages/Municipalities,Q2029796,,,,
US,NC,North Carolina,Ronda,relation,180258,8,Cities/Towns/Villages/Municipalities,Q3322223,,,,
US,NC,North Carolina,Wilkesboro,relation,180259,8,Cities/Towns/Villages/Municipalities,Q1025995,,,,
US,NC,North Carolina,Greensboro,relation,180261,8,Cities/Towns/Villages/Municipalities,Q49238,,,,
US,NC,North Carolina,Jamestown,relation,180262,8,Cities/Towns/Villages/Municipalities,Q2026580,,,,
US,NC,North Carolina,Oak Ridge,relation,180263,8,Cities/Towns/Villages/Municipalities,Q2024352,,,,
US,NC,North Carolina,Sedalia,relation,180264,8,Cities/Towns/Villages/Municipalities,Q2024847,,,,
US,NC,North Carolina,Summerfield,relation,180265,8,Cities/Towns/Villages/Municipalities,Q581164,,,,
US,NC,North Carolina,Whitsett,relation,180266,8,Cities/Towns/Villages/Municipalities,Q2022426,,,,
US,NC,North Carolina,Boonville,relation,180267,8,Cities/Towns/Villages/Municipalities,Q1973567,,,,
US,NC,North Carolina,East Bend,relation,180268,8,Cities/Towns/Villages/Municipalities,Q2024325,,,,
US,NC,North Carolina,Yadkinville,relation,180269,8,Cities/Towns/Villages/Municipalities,Q1476438,,,,
US,NC,North Carolina,Boardman,relation,180270,8,Cities/Towns/Villages/Municipalities,Q2009644,,,,
US,NC,North Carolina,Bolton,relation,180271,8,Cities/Towns/Villages/Municipalities,Q2024112,,,,
US,NC,North Carolina,Cerro Gordo,relation,180272,8,Cities/Towns/Villages/Municipalities,Q1055851,,,,
US,NC,North Carolina,Chadbourn,relation,180275,8,Cities/Towns/Villages/Municipalities,Q2045194,,,,
US,NC,North Carolina,Fair Bluff,relation,180276,8,Cities/Towns/Villages/Municipalities,Q2024862,,,,
US,NC,North Carolina,Lake Waccamaw,relation,180277,8,Cities/Towns/Villages/Municipalities,Q2027701,,,,
US,NC,North Carolina,Tabor City,relation,180278,8,Cities/Towns/Villages/Municipalities,Q586130,,,,
US,NC,North Carolina,Whiteville,relation,180279,8,Cities/Towns/Villages/Municipalities,Q2022318,,,,
US,NC,North Carolina,Troutman,relation,180280,8,Cities/Towns/Villages/Municipalities,Q612437,,,,
US,NC,North Carolina,Statesville,relation,180281,8,Cities/Towns/Villages/Municipalities,Q553956,,,,
US,NC,North Carolina,Mooresville,relation,180283,8,Cities/Towns/Villages/Municipalities,Q2027955,,,,
US,NC,North Carolina,Love Valley,relation,180284,8,Cities/Towns/Villages/Municipalities,Q2025322,,,,
US,NC,North Carolina,Harmony,relation,180285,8,Cities/Towns/Villages/Municipalities,Q2027389,,,,
US,NC,North Carolina,Trenton,relation,180286,8,Cities/Towns/Villages/Municipalities,Q1843651,,,,Town of Trenton
US,NC,North Carolina,Pollocksville,relation,180287,8,Cities/Towns/Villages/Municipalities,Q2027412,,,,Town of Pollocksville
US,NC,North Carolina,Maysville,relation,180292,8,Cities/Towns/Villages/Municipalities,Q942011,,,,
US,NC,North Carolina,Lincolnton,relation,180293,8,Cities/Towns/Villages/Municipalities,Q2029779,,,,
US,NC,North Carolina,Maiden,relation,180294,8,Cities/Towns/Villages/Municipalities,Q2029163,,,,
US,NC,North Carolina,Williamston,relation,180297,8,Cities/Towns/Villages/Municipalities,Q2027072,,,,
US,NC,North Carolina,Robersonville,relation,180298,8,Cities/Towns/Villages/Municipalities,Q2024296,,,,
US,NC,North Carolina,Parmele,relation,180299,8,Cities/Towns/Villages/Municipalities,Q2029580,,,,
US,NC,North Carolina,Oak City,relation,180300,8,Cities/Towns/Villages/Municipalities,Q373229,,,,
US,NC,North Carolina,Jamesville,relation,180301,8,Cities/Towns/Villages/Municipalities,Q2027159,,,,
US,NC,North Carolina,Hassell,relation,180302,8,Cities/Towns/Villages/Municipalities,Q2023541,,,,
US,NC,North Carolina,Hamilton,relation,180303,8,Cities/Towns/Villages/Municipalities,Q2028285,,,,
US,NC,North Carolina,Everetts,relation,180304,8,Cities/Towns/Villages/Municipalities,Q2024204,,,,
US,NC,North Carolina,Bear Grass,relation,180305,8,Cities/Towns/Villages/Municipalities,Q2025598,,,,
US,NC,North Carolina,Troy,relation,180306,8,Cities/Towns/Villages/Municipalities,Q1883853,,,,
US,NC,North Carolina,Star,relation,180307,8,Cities/Towns/Villages/Municipalities,Q2026696,,,,
US,NC,North Carolina,Mount Gilead,relation,180308,8,Cities/Towns/Villages/Municipalities,Q2024040,,,,
US,NC,North Carolina,Candor,relation,180309,8,Cities/Towns/Villages/Municipalities,Q2024787,,,,
US,NC,North Carolina,Biscoe,relation,180310,8,Cities/Towns/Villages/Municipalities,Q2026873,,,,
US,NC,North Carolina,Spencer,relation,180311,8,Cities/Towns/Villages/Municipalities,Q2023902,,,,
US,NC,North Carolina,Salisbury,relation,180312,8,Cities/Towns/Villages/Municipalities,Q2028813,,,,
US,NC,North Carolina,Rockwell,relation,180313,8,Cities/Towns/Villages/Municipalities,Q1920473,,,,
US,NC,North Carolina,Landis,relation,180314,8,Cities/Towns/Villages/Municipalities,Q2023656,,,,
US,NC,North Carolina,Granite Quarry,relation,180315,8,Cities/Towns/Villages/Municipalities,Q2023321,,,,
US,NC,North Carolina,Faith,relation,180316,8,Cities/Towns/Villages/Municipalities,Q2022871,,,,
US,NC,North Carolina,Cleveland,relation,180318,8,Cities/Towns/Villages/Municipalities,Q2394036,,,,
US,NC,North Carolina,China Grove,relation,180319,8,Cities/Towns/Villages/Municipalities,Q1987125,,,,
US,NC,North Carolina,Thomasville,relation,180320,8,Cities/Towns/Villages/Municipalities,Q631186,,,,
US,NC,North Carolina,Staley,relation,180321,8,Cities/Towns/Villages/Municipalities,Q2023791,,,,
US,NC,North Carolina,Seagrove,relation,180324,8,Cities/Towns/Villages/Municipalities,Q2022717,,,,
US,NC,North Carolina,Randleman,relation,180325,8,Cities/Towns/Villages/Municipalities,Q2029479,,,,
US,NC,North Carolina,Ramseur,relation,180326,8,Cities/Towns/Villages/Municipalities,Q2027191,,,,
US,NC,North Carolina,Liberty,relation,180328,8,Cities/Towns/Villages/Municipalities,Q583858,,,,
US,NC,North Carolina,High Point,relation,180329,8,Cities/Towns/Villages/Municipalities,Q631194,,,,
US,NC,North Carolina,Franklinville,relation,180330,8,Cities/Towns/Villages/Municipalities,Q2024368,,,,
US,NC,North Carolina,Asheboro,relation,180331,8,Cities/Towns/Villages/Municipalities,Q725046,,,,
US,NC,North Carolina,Archdale,relation,180332,8,Cities/Towns/Villages/Municipalities,Q632476,,,,
US,NC,North Carolina,Red Cross,relation,180333,8,Cities/Towns/Villages/Municipalities,Q4026478,,,,
US,NC,North Carolina,Oakboro,relation,180334,8,Cities/Towns/Villages/Municipalities,Q651762,,,,
US,NC,North Carolina,Norwood,relation,180335,8,Cities/Towns/Villages/Municipalities,Q623568,,,,
US,NC,North Carolina,New London,relation,180336,8,Cities/Towns/Villages/Municipalities,Q952976,,,,
US,NC,North Carolina,Badin,relation,180337,8,Cities/Towns/Villages/Municipalities,Q2026281,,,,
US,NC,North Carolina,Albemarle,relation,180338,8,Cities/Towns/Villages/Municipalities,Q921689,,,,
US,NC,North Carolina,Wilson,relation,180339,8,Cities/Towns/Villages/Municipalities,Q595348,,,,City of Wilson
US,NC,North Carolina,Stantonsburg,relation,180340,8,Cities/Towns/Villages/Municipalities,Q2022540,,,,
US,NC,North Carolina,Sims,relation,180341,8,Cities/Towns/Villages/Municipalities,Q964861,,,,
US,NC,North Carolina,Saratoga,relation,180342,8,Cities/Towns/Villages/Municipalities,Q2028294,,,,
US,NC,North Carolina,Lucama,relation,180343,8,Cities/Towns/Villages/Municipalities,Q543441,,,,
US,NC,North Carolina,Elm City,relation,180344,8,Cities/Towns/Villages/Municipalities,Q2024336,,,,
US,NC,North Carolina,Black Creek,relation,180345,8,Cities/Towns/Villages/Municipalities,Q1845920,,,,
US,NC,North Carolina,Kenly,relation,180346,8,Cities/Towns/Villages/Municipalities,Q1410372,,,,
US,NC,North Carolina,Sharpsburg,relation,180347,8,Cities/Towns/Villages/Municipalities,Q2026787,,,,
US,NC,North Carolina,Asheville,relation,180348,8,Cities/Towns/Villages/Municipalities,Q648501,,,,
US,NC,North Carolina,Weaverville,relation,180349,8,Cities/Towns/Villages/Municipalities,Q2043823,,,,
US,NC,North Carolina,Ocracoke,relation,180384,8,Cities/Towns/Villages/Municipalities,Q954241,,,,
US,NC,North Carolina,Holden Beach,relation,6724977,8,Cities/Towns/Villages/Municipalities,Q2023774,,,,
US,NC,North Carolina,Fontana Dam,relation,13302574,8,Cities/Towns/Villages/Municipalities,Q8564275,,Fontana Village,,Town of Fontana Dam
US,NC,North Carolina,Big Cove Community ,relation,13773614,8,Cities/Towns/Villages/Municipalities,,,,,
US,NC,North Carolina,Wolftown Community ,relation,13773615,8,Cities/Towns/Villages/Municipalities,,,,,
US,NC,North Carolina,Painttown Community ,relation,13773616,8,Cities/Towns/Villages/Municipalities,,,,,
US,NC,North Carolina,Yellowhill Community ,relation,13773617,8,Cities/Towns/Villages/Municipalities,,,,,
US,NC,North Carolina,Birdtown Community ,relation,13773618,8,Cities/Towns/Villages/Municipalities,,,,,
US,NC,North Carolina,Snowbird Community ,relation,13773619,8,Cities/Towns/Villages/Municipalities,,,,,
US,NC,North Carolina,Cherokee County Community,relation,13773620,8,Cities/Towns/Villages/Municipalities,,,,,
US,NC,North Carolina,Corolla,relation,16146159,8,Cities/Towns/Villages/Municipalities,,,,,
US,NC,North Carolina,Youngsville,relation,17608376,8,Cities/Towns/Villages/Municipalities,Q2022552,,,,
