country,state_abbr,state_name,name,osm_type,osm_id,admin_level,level_name,wikidata,fips,alt_name,short_name,official_name
US,MO,Missouri,,way,677348113,8,Cities/Towns/Villages/Municipalities,,,,,
US,MO,Missouri,,way,677348114,8,Cities/Towns/Villages/Municipalities,,,,,
US,MO,Missouri,,way,677348118,8,Cities/Towns/Villages/Municipalities,,,,,
US,MO,Missouri,Godfrey,relation,123459,8,Cities/Towns/Villages/Municipalities,Q1533793,,,,
US,MO,Missouri,Hamburg,relation,126066,8,Cities/Towns/Villages/Municipalities,Q2672139,,,,
US,MO,Missouri,Cairo,relation,126071,8,Cities/Towns/Villages/Municipalities,Q575306,,,,
US,MO,Missouri,Thebes,relation,126075,8,Cities/Towns/Villages/Municipalities,Q11045962,,,,
US,MO,Missouri,Pleasanton,relation,129175,8,Cities/Towns/Villages/Municipalities,Q1896738,,,,
US,MO,Missouri,Blanchard,relation,129292,8,Cities/Towns/Villages/Municipalities,Q2239877,,,,
US,MO,Missouri,Lakeside,relation,139781,8,Cities/Towns/Villages/Municipalities,Q953805,,,,
US,MO,Missouri,Bagnell,relation,139782,8,Cities/Towns/Villages/Municipalities,Q962147,,,,
US,MO,Missouri,Rockaway Beach,relation,139783,8,Cities/Towns/Villages/Municipalities,Q960431,,,,
US,MO,Missouri,New Franklin,relation,139785,8,Cities/Towns/Villages/Municipalities,Q952379,,,,
US,MO,Missouri,Franklin,relation,139786,8,Cities/Towns/Villages/Municipalities,Q1001852,,,,
US,MO,Missouri,Silver Creek,relation,139787,8,Cities/Towns/Villages/Municipalities,Q3295951,,,,
US,MO,Missouri,Saginaw,relation,139788,8,Cities/Towns/Villages/Municipalities,Q2791882,,,,
US,MO,Missouri,Redings Mill,relation,139789,8,Cities/Towns/Villages/Municipalities,Q2553622,,,,
US,MO,Missouri,Leawood,relation,139790,8,Cities/Towns/Villages/Municipalities,Q2203561,,,,
US,MO,Missouri,Whiteman AFB,relation,139794,8,Cities/Towns/Villages/Municipalities,Q1940767,,,,
US,MO,Missouri,Napoleon,relation,139796,8,Cities/Towns/Villages/Municipalities,Q958465,,,,
US,MO,Missouri,Levasy,relation,139797,8,Cities/Towns/Villages/Municipalities,Q963737,,,,
US,MO,Missouri,St. Cloud,relation,139798,8,Cities/Towns/Villages/Municipalities,Q3293298,,,,
US,MO,Missouri,West Sullivan,relation,139799,8,Cities/Towns/Villages/Municipalities,Q3459754,,,,
US,MO,Missouri,Oak Grove Village,relation,139803,8,Cities/Towns/Villages/Municipalities,Q3448439,,,,
US,MO,Missouri,Truesdale,relation,139804,8,Cities/Towns/Villages/Municipalities,Q960241,,,,
US,MO,Missouri,Wright City,relation,139805,8,Cities/Towns/Villages/Municipalities,Q966192,,,,
US,MO,Missouri,Fleming,relation,139806,8,Cities/Towns/Villages/Municipalities,Q961746,,,,
US,MO,Missouri,Camden,relation,139807,8,Cities/Towns/Villages/Municipalities,Q967867,,,,
US,MO,Missouri,Crystal Lakes,relation,139808,8,Cities/Towns/Villages/Municipalities,Q650320,,,,
US,MO,Missouri,Homestead,relation,139809,8,Cities/Towns/Villages/Municipalities,Q2223208,,,,
US,MO,Missouri,Henrietta,relation,139810,8,Cities/Towns/Villages/Municipalities,Q967810,,,,
US,MO,Missouri,North Kansas City,relation,139811,8,Cities/Towns/Villages/Municipalities,Q256679,,,,
US,MO,Missouri,Avondale,relation,139812,8,Cities/Towns/Villages/Municipalities,Q962136,,,,
US,MO,Missouri,Pleasant Valley,relation,139813,8,Cities/Towns/Villages/Municipalities,Q964654,,,,
US,MO,Missouri,Claycomo,relation,139814,8,Cities/Towns/Villages/Municipalities,Q2661689,,,,
US,MO,Missouri,Mosby,relation,139815,8,Cities/Towns/Villages/Municipalities,Q550338,,,,
US,MO,Missouri,Prathersville,relation,139816,8,Cities/Towns/Villages/Municipalities,Q2899595,,,,
US,MO,Missouri,Oakview,relation,139817,8,Cities/Towns/Villages/Municipalities,Q2180096,,,,
US,MO,Missouri,Oakwood Park,relation,139818,8,Cities/Towns/Villages/Municipalities,Q2237158,,,,
US,MO,Missouri,Oakwood,relation,139819,8,Cities/Towns/Villages/Municipalities,Q2235745,,,,
US,MO,Missouri,Oaks,relation,139820,8,Cities/Towns/Villages/Municipalities,Q2370681,,,,
US,MO,Missouri,Gladstone,relation,139821,8,Cities/Towns/Villages/Municipalities,Q968179,,,,
US,MO,Missouri,Raytown,relation,139823,8,Cities/Towns/Villages/Municipalities,Q959906,,,,
US,MO,Missouri,Independence,relation,139824,8,Cities/Towns/Villages/Municipalities,Q24603,,,,
US,MO,Missouri,Grandview,relation,139825,8,Cities/Towns/Villages/Municipalities,Q960005,,,,
US,MO,Missouri,Northmoor,relation,139828,8,Cities/Towns/Villages/Municipalities,Q962699,,,,
US,MO,Missouri,Weatherby Lake,relation,139829,8,Cities/Towns/Villages/Municipalities,Q660424,,,,
US,MO,Missouri,Unity Village,relation,139831,8,Cities/Towns/Villages/Municipalities,Q2333354,,,,
US,MO,Missouri,River Bend,relation,139834,8,Cities/Towns/Villages/Municipalities,Q2754139,,,,
US,MO,Missouri,Saint Joseph,relation,139836,8,Cities/Towns/Villages/Municipalities,Q745120,,,,
US,MO,Missouri,Greenwood,relation,139844,8,Cities/Towns/Villages/Municipalities,Q3458893,,,,
US,MO,Missouri,Loch Lloyd,relation,139845,8,Cities/Towns/Villages/Municipalities,Q6664949,,,,
US,MO,Missouri,Parkdale,relation,139853,8,Cities/Towns/Villages/Municipalities,Q2065970,,,,
US,MO,Missouri,Arnold,relation,139864,8,Cities/Towns/Villages/Municipalities,Q602688,,,,
US,MO,Missouri,Winchester,relation,139871,8,Cities/Towns/Villages/Municipalities,Q961793,,,,
US,MO,Missouri,Ballwin,relation,139872,8,Cities/Towns/Villages/Municipalities,Q805392,,,,
US,MO,Missouri,Bellefontaine Neighbors,relation,139878,8,Cities/Towns/Villages/Municipalities,Q815887,,,,
US,MO,Missouri,Bellerive,relation,139879,8,Cities/Towns/Villages/Municipalities,Q2425781,,,,
US,MO,Missouri,Bel-Nor,relation,139880,8,Cities/Towns/Villages/Municipalities,Q2483126,,,,
US,MO,Missouri,Bel-Ridge,relation,139881,8,Cities/Towns/Villages/Municipalities,Q2111447,,,,
US,MO,Missouri,Kinloch,relation,139883,8,Cities/Towns/Villages/Municipalities,Q958579,,,,
US,MO,Missouri,Cool Valley,relation,139884,8,Cities/Towns/Villages/Municipalities,Q965452,,,,
US,MO,Missouri,Berkeley,relation,139885,8,Cities/Towns/Villages/Municipalities,Q967070,,,,
US,MO,Missouri,Glen Echo Park,relation,139887,8,Cities/Towns/Villages/Municipalities,Q2439036,,,,
US,MO,Missouri,Beverly Hills,relation,139888,8,Cities/Towns/Villages/Municipalities,Q963658,,,,
US,MO,Missouri,Black Jack,relation,139890,8,Cities/Towns/Villages/Municipalities,Q880344,,,,
US,MO,Missouri,Breckenridge Hills,relation,139892,8,Cities/Towns/Villages/Municipalities,Q967580,,,,
US,MO,Missouri,Brentwood,relation,139894,8,Cities/Towns/Villages/Municipalities,Q965612,,,,
US,MO,Missouri,Champ,relation,139942,8,Cities/Towns/Villages/Municipalities,Q2917879,,,,
US,MO,Missouri,Bridgeton,relation,139943,8,Cities/Towns/Villages/Municipalities,Q957345,,,,
US,MO,Missouri,Calverton Park,relation,139944,8,Cities/Towns/Villages/Municipalities,Q2371851,,,,
US,MO,Missouri,Sycamore Hills,relation,139946,8,Cities/Towns/Villages/Municipalities,Q2353299,,,,
US,MO,Missouri,Charlack,relation,139947,8,Cities/Towns/Villages/Municipalities,Q958063,,,,
US,MO,Missouri,Saint John,relation,139948,8,Cities/Towns/Villages/Municipalities,Q954480,,,,
US,MO,Missouri,Clarkson Valley,relation,139950,8,Cities/Towns/Villages/Municipalities,Q962816,,,,
US,MO,Missouri,Chesterfield,relation,139951,8,Cities/Towns/Villages/Municipalities,Q959443,,,,
US,MO,Missouri,Clayton,relation,139955,8,Cities/Towns/Villages/Municipalities,Q966922,,,,
US,MO,Missouri,Richmond Heights,relation,139956,8,Cities/Towns/Villages/Municipalities,Q967881,,,,
US,MO,Missouri,Country Club Hills,relation,139957,8,Cities/Towns/Villages/Municipalities,Q961767,,,,
US,MO,Missouri,Crestwood,relation,139963,8,Cities/Towns/Villages/Municipalities,Q962016,,,,
US,MO,Missouri,Creve Coeur,relation,139964,8,Cities/Towns/Villages/Municipalities,Q612541,,,,
US,MO,Missouri,Westwood,relation,139966,8,Cities/Towns/Villages/Municipalities,Q2898381,,,,
US,MO,Missouri,Crystal Lake Park,relation,139967,8,Cities/Towns/Villages/Municipalities,Q962622,,,,
US,MO,Missouri,Dellwood,relation,139968,8,Cities/Towns/Villages/Municipalities,Q956762,,,,
US,MO,Missouri,Des Peres,relation,139973,8,Cities/Towns/Villages/Municipalities,Q960849,,,,
US,MO,Missouri,Woodson Terrace,relation,139975,8,Cities/Towns/Villages/Municipalities,Q953770,,,,
US,MO,Missouri,St. Ann,relation,139976,8,Cities/Towns/Villages/Municipalities,Q957506,,,,
US,MO,Missouri,Edmundson,relation,139977,8,Cities/Towns/Villages/Municipalities,Q918627,,,,
US,MO,Missouri,Ellisville,relation,139979,8,Cities/Towns/Villages/Municipalities,Q952807,,,,
US,MO,Missouri,Eureka,relation,139982,8,Cities/Towns/Villages/Municipalities,Q961919,,,,
US,MO,Missouri,Fenton,relation,139985,8,Cities/Towns/Villages/Municipalities,Q952926,,,,
US,MO,Missouri,Sunset Hills,relation,139986,8,Cities/Towns/Villages/Municipalities,Q956268,,,,
US,MO,Missouri,Ferguson,relation,139988,8,Cities/Towns/Villages/Municipalities,Q954855,,,,
US,MO,Missouri,Florissant,relation,139991,8,Cities/Towns/Villages/Municipalities,Q636684,,,,
US,MO,Missouri,Hazelwood,relation,139992,8,Cities/Towns/Villages/Municipalities,Q963585,,,,
US,MO,Missouri,Frontenac,relation,139993,8,Cities/Towns/Villages/Municipalities,Q962635,,,,
US,MO,Missouri,Oakland,relation,139994,8,Cities/Towns/Villages/Municipalities,Q968054,,,,
US,MO,Missouri,Kirkwood,relation,139996,8,Cities/Towns/Villages/Municipalities,Q963572,,,,
US,MO,Missouri,Glendale,relation,139997,8,Cities/Towns/Villages/Municipalities,Q966965,,,,
US,MO,Missouri,Rock Hill,relation,139999,8,Cities/Towns/Villages/Municipalities,Q961699,,,,
US,MO,Missouri,Grantwood Village,relation,140002,8,Cities/Towns/Villages/Municipalities,Q966126,,,,
US,MO,Missouri,Greendale,relation,140003,8,Cities/Towns/Villages/Municipalities,Q953193,,,,
US,MO,Missouri,Green Park,relation,140006,8,Cities/Towns/Villages/Municipalities,Q963858,,,,
US,MO,Missouri,Hanley Hills,relation,140007,8,Cities/Towns/Villages/Municipalities,Q2230034,,,,
US,MO,Missouri,Velda City,relation,140008,8,Cities/Towns/Villages/Municipalities,Q953870,,,,
US,MO,Missouri,Hillsdale,relation,140009,8,Cities/Towns/Villages/Municipalities,Q1961496,,,,
US,MO,Missouri,Ladue,relation,140010,8,Cities/Towns/Villages/Municipalities,Q955498,,,,
US,MO,Missouri,Warson Woods,relation,140011,8,Cities/Towns/Villages/Municipalities,Q961687,,,,
US,MO,Missouri,Huntleigh,relation,140012,8,Cities/Towns/Villages/Municipalities,Q967626,,,,
US,MO,Missouri,Lakeshire,relation,140013,8,Cities/Towns/Villages/Municipalities,Q602686,,,,
US,MO,Missouri,Mackenzie,relation,140014,8,Cities/Towns/Villages/Municipalities,Q1852216,,,,
US,MO,Missouri,Manchester,relation,140015,8,Cities/Towns/Villages/Municipalities,Q955441,,,,
US,MO,Missouri,Twin Oaks,relation,140016,8,Cities/Towns/Villages/Municipalities,Q1865765,,,,
US,MO,Missouri,Maplewood,relation,140017,8,Cities/Towns/Villages/Municipalities,Q953462,,,,
US,MO,Missouri,Webster Groves,relation,140019,8,Cities/Towns/Villages/Municipalities,Q943352,,,,
US,MO,Missouri,Marlborough,relation,140020,8,Cities/Towns/Villages/Municipalities,Q2432902,,,,
US,MO,Missouri,Shrewsbury,relation,140021,8,Cities/Towns/Villages/Municipalities,Q962845,,,,
US,MO,Missouri,Maryland Heights,relation,140033,8,Cities/Towns/Villages/Municipalities,Q606594,,,,
US,MO,Missouri,Moline Acres,relation,140034,8,Cities/Towns/Villages/Municipalities,Q958589,,,,
US,MO,Missouri,Pasadena Park,relation,140036,8,Cities/Towns/Villages/Municipalities,Q977770,,,,
US,MO,Missouri,Northwoods,relation,140037,8,Cities/Towns/Villages/Municipalities,Q967824,,,,
US,MO,Missouri,Norwood Court,relation,140038,8,Cities/Towns/Villages/Municipalities,Q966085,,,,
US,MO,Missouri,Pasadena Hills,relation,140039,8,Cities/Towns/Villages/Municipalities,Q954081,,,,
US,MO,Missouri,Pine Lawn,relation,140040,8,Cities/Towns/Villages/Municipalities,Q953445,,,,
US,MO,Missouri,Olivette,relation,140043,8,Cities/Towns/Villages/Municipalities,Q965914,,,,
US,MO,Missouri,Overland,relation,140044,8,Cities/Towns/Villages/Municipalities,Q962314,,,,
US,MO,Missouri,Vinita Park,relation,140045,8,Cities/Towns/Villages/Municipalities,Q953975,,,,
US,MO,Missouri,Wellston,relation,140047,8,Cities/Towns/Villages/Municipalities,Q965114,,,,
US,MO,Missouri,Velda Village Hills,relation,140048,8,Cities/Towns/Villages/Municipalities,Q2349629,,,,
US,MO,Missouri,Uplands Park,relation,140049,8,Cities/Towns/Villages/Municipalities,Q2752544,,,,
US,MO,Missouri,Riverview,relation,140050,8,Cities/Towns/Villages/Municipalities,Q1840152,,,,
US,MO,Missouri,University City,relation,140052,8,Cities/Towns/Villages/Municipalities,Q959885,,,U. City,
US,MO,Missouri,Wilbur Park,relation,140054,8,Cities/Towns/Villages/Municipalities,Q2168195,,,,
US,MO,Missouri,Arcadia,relation,140056,8,Cities/Towns/Villages/Municipalities,Q966722,,,,
US,MO,Missouri,Ironton,relation,140057,8,Cities/Towns/Villages/Municipalities,Q964772,,,,
US,MO,Missouri,Pilot Knob,relation,140058,8,Cities/Towns/Villages/Municipalities,Q953926,,,,
US,MO,Missouri,Laurie,relation,140060,8,Cities/Towns/Villages/Municipalities,Q2198707,,,,
US,MO,Missouri,Tracy,relation,140068,8,Cities/Towns/Villages/Municipalities,Q954043,,,,
US,MO,Missouri,Riverside,relation,140069,8,Cities/Towns/Villages/Municipalities,Q961962,,,,
US,MO,Missouri,Desloge,relation,140089,8,Cities/Towns/Villages/Municipalities,Q963845,,,,
US,MO,Missouri,Lake Tapawingo,relation,140151,8,Cities/Towns/Villages/Municipalities,Q968989,,,,
US,MO,Missouri,Lamar,relation,140152,8,Cities/Towns/Villages/Municipalities,Q572172,,,,
US,MO,Missouri,Lamar Heights,relation,140153,8,Cities/Towns/Villages/Municipalities,Q2225669,,,,
US,MO,Missouri,Junction City,relation,140157,8,Cities/Towns/Villages/Municipalities,Q2467999,,,,
US,MO,Missouri,Cobalt,relation,140158,8,Cities/Towns/Villages/Municipalities,Q2455199,,,,
US,MO,Missouri,Hayti Heights,relation,140160,8,Cities/Towns/Villages/Municipalities,Q968933,,,,
US,MO,Missouri,Hayti,relation,140161,8,Cities/Towns/Villages/Municipalities,Q961725,,,,
US,MO,Missouri,Airport Drive,relation,140175,8,Cities/Towns/Villages/Municipalities,Q2625759,,,,
US,MO,Missouri,Carterville,relation,140176,8,Cities/Towns/Villages/Municipalities,Q961393,,,,
US,MO,Missouri,Anderson,relation,140189,8,Cities/Towns/Villages/Municipalities,Q959704,,,,
US,MO,Missouri,Altenburg,relation,140192,8,Cities/Towns/Villages/Municipalities,Q436898,,,,
US,MO,Missouri,Frohna,relation,140193,8,Cities/Towns/Villages/Municipalities,Q965800,,,,
US,MO,Missouri,Osage Beach,relation,140271,8,Cities/Towns/Villages/Municipalities,Q958606,,,,
US,MO,Missouri,Sedalia,relation,140276,8,Cities/Towns/Villages/Municipalities,Q966486,,,,
US,MO,Missouri,Shoal Creek Drive,relation,140280,8,Cities/Towns/Villages/Municipalities,Q3295986,,,,
US,MO,Missouri,Seneca,relation,140281,8,Cities/Towns/Villages/Municipalities,Q953593,,,,
US,MO,Missouri,Centerview,relation,140287,8,Cities/Towns/Villages/Municipalities,Q2149945,,,,
US,MO,Missouri,Cabool,relation,140304,8,Cities/Towns/Villages/Municipalities,Q403230,,,,
US,MO,Missouri,Miner,relation,140309,8,Cities/Towns/Villages/Municipalities,Q965995,,,,
US,MO,Missouri,East Prairie,relation,140310,8,Cities/Towns/Villages/Municipalities,Q607653,,,,
US,MO,Missouri,Lebanon,relation,140312,8,Cities/Towns/Villages/Municipalities,Q954894,,,,
US,MO,Missouri,Arbyrd,relation,140315,8,Cities/Towns/Villages/Municipalities,Q963694,,,,
US,MO,Missouri,Innsbrook,relation,140322,8,Cities/Towns/Villages/Municipalities,Q2281804,,,,
US,MO,Missouri,Rosendale,relation,140323,8,Cities/Towns/Villages/Municipalities,Q511587,,,,
US,MO,Missouri,Harrisonville,relation,140332,8,Cities/Towns/Villages/Municipalities,Q964431,,,,
US,MO,Missouri,Village of Four Seasons,relation,140340,8,Cities/Towns/Villages/Municipalities,Q3009595,,,,
US,MO,Missouri,Camdenton,relation,140345,8,Cities/Towns/Villages/Municipalities,Q749572,,,,
US,MO,Missouri,Crystal City,relation,140346,8,Cities/Towns/Villages/Municipalities,Q963485,,,,
US,MO,Missouri,Pagedale,relation,140348,8,Cities/Towns/Villages/Municipalities,Q960388,,,,
US,MO,Missouri,Wildwood,relation,140349,8,Cities/Towns/Villages/Municipalities,Q475443,,,,
US,MO,Missouri,Clever,relation,140350,8,Cities/Towns/Villages/Municipalities,Q952547,,,,
US,MO,Missouri,Doolittle,relation,140384,8,Cities/Towns/Villages/Municipalities,Q603723,,,,
US,MO,Missouri,Jefferson City,relation,140392,8,Cities/Towns/Villages/Municipalities,Q28180,,,,
US,MO,Missouri,Lambert,relation,140409,8,Cities/Towns/Villages/Municipalities,Q1953547,,,,
US,MO,Missouri,Benton,relation,140410,8,Cities/Towns/Villages/Municipalities,Q962254,,,,
US,MO,Missouri,Scott City,relation,140411,8,Cities/Towns/Villages/Municipalities,Q953501,,,,
US,MO,Missouri,Ava,relation,140445,8,Cities/Towns/Villages/Municipalities,Q957407,,,,
US,MO,Missouri,Purcell,relation,140448,8,Cities/Towns/Villages/Municipalities,Q960456,,,,
US,MO,Missouri,Tuscumbia,relation,140454,8,Cities/Towns/Villages/Municipalities,Q956037,,,,
US,MO,Missouri,St. Elizabeth,relation,140457,8,Cities/Towns/Villages/Municipalities,Q2511119,,,,
US,MO,Missouri,Olean,relation,140458,8,Cities/Towns/Villages/Municipalities,Q962980,,,,
US,MO,Missouri,Lake Ozark,relation,140459,8,Cities/Towns/Villages/Municipalities,Q957540,,,,
US,MO,Missouri,Iberia,relation,140460,8,Cities/Towns/Villages/Municipalities,Q961803,,,,
US,MO,Missouri,Eldon,relation,140463,8,Cities/Towns/Villages/Municipalities,Q540257,,,,
US,MO,Missouri,Brumley,relation,140467,8,Cities/Towns/Villages/Municipalities,Q952363,,,,
US,MO,Missouri,Taneyville,relation,140468,8,Cities/Towns/Villages/Municipalities,Q920210,,,,
US,MO,Missouri,Merriam Woods,relation,140469,8,Cities/Towns/Villages/Municipalities,Q1890725,,,,
US,MO,Missouri,Kirbyville,relation,140471,8,Cities/Towns/Villages/Municipalities,Q3473335,,,,
US,MO,Missouri,Hollister,relation,140472,8,Cities/Towns/Villages/Municipalities,Q963707,,,,
US,MO,Missouri,Forsyth,relation,140474,8,Cities/Towns/Villages/Municipalities,Q957520,,,,
US,MO,Missouri,Bull Creek,relation,140477,8,Cities/Towns/Villages/Municipalities,Q2616590,,,,
US,MO,Missouri,Bradleyville,relation,140478,8,Cities/Towns/Villages/Municipalities,Q4955080,,,,
US,MO,Missouri,Saddlebrooke,relation,140479,8,Cities/Towns/Villages/Municipalities,Q3458115,,,,
US,MO,Missouri,Branson,relation,140500,8,Cities/Towns/Villages/Municipalities,Q898857,,,,
US,MO,Missouri,Fayette,relation,140501,8,Cities/Towns/Villages/Municipalities,Q967406,,,,
US,MO,Missouri,Armstrong,relation,140502,8,Cities/Towns/Villages/Municipalities,Q966822,,,,
US,MO,Missouri,Smithton,relation,140503,8,Cities/Towns/Villages/Municipalities,Q958514,,,,
US,MO,Missouri,La Monte,relation,140505,8,Cities/Towns/Villages/Municipalities,Q770150,,,,
US,MO,Missouri,Hughesville,relation,140506,8,Cities/Towns/Villages/Municipalities,Q2461470,,,,
US,MO,Missouri,Houstonia,relation,140507,8,Cities/Towns/Villages/Municipalities,Q952785,,,,
US,MO,Missouri,Green Ridge,relation,140508,8,Cities/Towns/Villages/Municipalities,Q952655,,,,
US,MO,Missouri,Windsor,relation,140511,8,Cities/Towns/Villages/Municipalities,Q958551,,,,
US,MO,Missouri,Ionia,relation,140512,8,Cities/Towns/Villages/Municipalities,Q956569,,,,
US,MO,Missouri,Queen City,relation,140513,8,Cities/Towns/Villages/Municipalities,Q955353,,,,
US,MO,Missouri,Lancaster,relation,140515,8,Cities/Towns/Villages/Municipalities,Q965683,,,,
US,MO,Missouri,Glenwood,relation,140531,8,Cities/Towns/Villages/Municipalities,Q2251542,,,,
US,MO,Missouri,Downing,relation,140532,8,Cities/Towns/Villages/Municipalities,Q967694,,,,
US,MO,Missouri,Norwood,relation,140535,8,Cities/Towns/Villages/Municipalities,Q968077,,,,
US,MO,Missouri,Mansfield,relation,140536,8,Cities/Towns/Villages/Municipalities,Q966074,,,,
US,MO,Missouri,Hartville,relation,140537,8,Cities/Towns/Villages/Municipalities,Q788074,,,,
US,MO,Missouri,Wheatland,relation,140538,8,Cities/Towns/Villages/Municipalities,Q383916,,,,
US,MO,Missouri,Weaubleau,relation,140539,8,Cities/Towns/Villages/Municipalities,Q960401,,,,
US,MO,Missouri,Preston,relation,140540,8,Cities/Towns/Villages/Municipalities,Q962868,,,,
US,MO,Missouri,Hermitage,relation,140541,8,Cities/Towns/Villages/Municipalities,Q954496,,,,
US,MO,Missouri,Cross Timbers,relation,140542,8,Cities/Towns/Villages/Municipalities,Q953538,,,,
US,MO,Missouri,Urich,relation,140543,8,Cities/Towns/Villages/Municipalities,Q953695,,,,
US,MO,Missouri,Tightwad,relation,140544,8,Cities/Towns/Villages/Municipalities,Q2375092,,,,
US,MO,Missouri,Montrose,relation,140545,8,Cities/Towns/Villages/Municipalities,Q957383,,,,
US,MO,Missouri,La Due,relation,140546,8,Cities/Towns/Villages/Municipalities,Q2135251,,,,
US,MO,Missouri,Deepwater,relation,140547,8,Cities/Towns/Villages/Municipalities,Q961826,,,,
US,MO,Missouri,Clinton,relation,140549,8,Cities/Towns/Villages/Municipalities,Q655006,,,,
US,MO,Missouri,Calhoun,relation,140550,8,Cities/Towns/Villages/Municipalities,Q962525,,,,
US,MO,Missouri,Brownington,relation,140551,8,Cities/Towns/Villages/Municipalities,Q963851,,,,
US,MO,Missouri,Blairstown,relation,140552,8,Cities/Towns/Villages/Municipalities,Q956827,,,,
US,MO,Missouri,Skidmore,relation,140553,8,Cities/Towns/Villages/Municipalities,Q953670,,,,
US,MO,Missouri,Ravenwood,relation,140554,8,Cities/Towns/Villages/Municipalities,Q958920,,,,
US,MO,Missouri,Quitman,relation,140555,8,Cities/Towns/Villages/Municipalities,Q430441,,,,
US,MO,Missouri,Pickering,relation,140558,8,Cities/Towns/Villages/Municipalities,Q966062,,,,
US,MO,Missouri,Parnell,relation,140559,8,Cities/Towns/Villages/Municipalities,Q957110,,,,
US,MO,Missouri,Maryville,relation,140562,8,Cities/Towns/Villages/Municipalities,Q957284,,,,
US,MO,Missouri,Hopkins,relation,140563,8,Cities/Towns/Villages/Municipalities,Q965823,,,,
US,MO,Missouri,Guilford,relation,140564,8,Cities/Towns/Villages/Municipalities,Q948176,,,,
US,MO,Missouri,Graham,relation,140565,8,Cities/Towns/Villages/Municipalities,Q958127,,,,
US,MO,Missouri,Elmo,relation,140566,8,Cities/Towns/Villages/Municipalities,Q577498,,,,
US,MO,Missouri,Conception Junction,relation,140567,8,Cities/Towns/Villages/Municipalities,Q963865,,,,
US,MO,Missouri,Clyde,relation,140568,8,Cities/Towns/Villages/Municipalities,Q777014,,,,
US,MO,Missouri,Clearmont,relation,140569,8,Cities/Towns/Villages/Municipalities,Q967609,,,,
US,MO,Missouri,Burlington Junction,relation,140572,8,Cities/Towns/Villages/Municipalities,Q953013,,,,
US,MO,Missouri,Barnard,relation,140573,8,Cities/Towns/Villages/Municipalities,Q969074,,,,
US,MO,Missouri,Arkoe,relation,140574,8,Cities/Towns/Villages/Municipalities,Q954840,,,,
US,MO,Missouri,St. Mary,relation,140577,8,Cities/Towns/Villages/Municipalities,Q965988,,,,
US,MO,Missouri,Sainte Genevieve,relation,140578,8,Cities/Towns/Villages/Municipalities,Q959718,,,,
US,MO,Missouri,Bloomsdale,relation,140579,8,Cities/Towns/Villages/Municipalities,Q963724,,,,
US,MO,Missouri,Wentworth,relation,140580,8,Cities/Towns/Villages/Municipalities,Q539714,,,,
US,MO,Missouri,Stella,relation,140585,8,Cities/Towns/Villages/Municipalities,Q953142,,,,
US,MO,Missouri,Stark City,relation,140586,8,Cities/Towns/Villages/Municipalities,Q954702,,,,
US,MO,Missouri,Shoal Creek Estates,relation,140587,8,Cities/Towns/Villages/Municipalities,Q954292,,,,
US,MO,Missouri,Ritchey,relation,140588,8,Cities/Towns/Villages/Municipalities,Q961165,,,,
US,MO,Missouri,Newtonia,relation,140589,8,Cities/Towns/Villages/Municipalities,Q966145,,,,
US,MO,Missouri,Loma Linda,relation,140592,8,Cities/Towns/Villages/Municipalities,Q954654,,,,
US,MO,Missouri,Grand Falls Plaza,relation,140593,8,Cities/Towns/Villages/Municipalities,Q954594,,,,
US,MO,Missouri,Granby,relation,140594,8,Cities/Towns/Villages/Municipalities,Q516048,,,,
US,MO,Missouri,Fairview,relation,140595,8,Cities/Towns/Villages/Municipalities,Q967461,,,,
US,MO,Missouri,Diamond,relation,140596,8,Cities/Towns/Villages/Municipalities,Q956355,,,,
US,MO,Missouri,Dennis Acres,relation,140597,8,Cities/Towns/Villages/Municipalities,Q3142431,,,,
US,MO,Missouri,Cliff Village,relation,140598,8,Cities/Towns/Villages/Municipalities,Q3293289,,,,
US,MO,Missouri,Cave,relation,140603,8,Cities/Towns/Villages/Municipalities,Q957976,,,,
US,MO,Missouri,Chain of Rocks,relation,140604,8,Cities/Towns/Villages/Municipalities,Q2839665,,,,
US,MO,Missouri,Elsberry,relation,140605,8,Cities/Towns/Villages/Municipalities,Q953283,,,,
US,MO,Missouri,Foley,relation,140606,8,Cities/Towns/Villages/Municipalities,Q956958,,,,
US,MO,Missouri,Fountain N' Lakes,relation,140607,8,Cities/Towns/Villages/Municipalities,Q2258059,,,,
US,MO,Missouri,Hawk Point,relation,140610,8,Cities/Towns/Villages/Municipalities,Q957602,,,,
US,MO,Missouri,Moscow Mills,relation,140611,8,Cities/Towns/Villages/Municipalities,Q964761,,,,
US,MO,Missouri,Old Monroe,relation,140612,8,Cities/Towns/Villages/Municipalities,Q954167,,,,
US,MO,Missouri,Silex,relation,140613,8,Cities/Towns/Villages/Municipalities,Q2193443,,,,
US,MO,Missouri,Troy,relation,140620,8,Cities/Towns/Villages/Municipalities,Q963410,,,,
US,MO,Missouri,Truxton,relation,140621,8,Cities/Towns/Villages/Municipalities,Q1970066,,,,
US,MO,Missouri,Whiteside,relation,140622,8,Cities/Towns/Villages/Municipalities,Q2409506,,,,
US,MO,Missouri,Winfield,relation,140626,8,Cities/Towns/Villages/Municipalities,Q2051482,,,,
US,MO,Missouri,Brookfield,relation,140627,8,Cities/Towns/Villages/Municipalities,Q962400,,,,
US,MO,Missouri,Bucklin,relation,140629,8,Cities/Towns/Villages/Municipalities,Q958300,,,,
US,MO,Missouri,Laclede,relation,140630,8,Cities/Towns/Villages/Municipalities,Q965722,,,,
US,MO,Missouri,Linneus,relation,140633,8,Cities/Towns/Villages/Municipalities,Q577271,,,,
US,MO,Missouri,Meadville,relation,140634,8,Cities/Towns/Villages/Municipalities,Q965536,,,,
US,MO,Missouri,Purdin,relation,140635,8,Cities/Towns/Villages/Municipalities,Q675183,,,,
US,MO,Missouri,Ash Grove,relation,140638,8,Cities/Towns/Villages/Municipalities,Q966871,,,,
US,MO,Missouri,Battlefield,relation,140639,8,Cities/Towns/Villages/Municipalities,Q966858,,,,
US,MO,Missouri,Fair Grove,relation,140641,8,Cities/Towns/Villages/Municipalities,Q965643,,,,
US,MO,Missouri,Strafford,relation,140645,8,Cities/Towns/Villages/Municipalities,Q962738,,,,
US,MO,Missouri,Walnut Grove,relation,140646,8,Cities/Towns/Villages/Municipalities,Q954111,,,,
US,MO,Missouri,Willard,relation,140647,8,Cities/Towns/Villages/Municipalities,Q953647,,,,
US,MO,Missouri,Warrensburg,relation,140653,8,Cities/Towns/Villages/Municipalities,Q959761,,,,
US,MO,Missouri,Leeton,relation,140654,8,Cities/Towns/Villages/Municipalities,Q958326,,,,
US,MO,Missouri,Knob Noster,relation,140656,8,Cities/Towns/Villages/Municipalities,Q610423,,,,
US,MO,Missouri,Kingsville,relation,140666,8,Cities/Towns/Villages/Municipalities,Q953022,,,,
US,MO,Missouri,Holden,relation,140667,8,Cities/Towns/Villages/Municipalities,Q962507,,,,
US,MO,Missouri,Chilhowee,relation,140668,8,Cities/Towns/Villages/Municipalities,Q969051,,,,
US,MO,Missouri,Reeds Spring,relation,140674,8,Cities/Towns/Villages/Municipalities,Q957180,,,,
US,MO,Missouri,McCord Bend,relation,140675,8,Cities/Towns/Villages/Municipalities,Q2053201,,,,
US,MO,Missouri,Kimberling City,relation,140676,8,Cities/Towns/Villages/Municipalities,Q958446,,,,
US,MO,Missouri,Indian Point,relation,140678,8,Cities/Towns/Villages/Municipalities,Q3296040,,,,
US,MO,Missouri,Hurley,relation,140679,8,Cities/Towns/Villages/Municipalities,Q965852,,,,
US,MO,Missouri,Galena,relation,140680,8,Cities/Towns/Villages/Municipalities,Q961315,,,,
US,MO,Missouri,Crane,relation,140683,8,Cities/Towns/Villages/Municipalities,Q961676,,,,
US,MO,Missouri,Coney Island,relation,140684,8,Cities/Towns/Villages/Municipalities,Q2981259,,,,
US,MO,Missouri,Branson West,relation,140685,8,Cities/Towns/Villages/Municipalities,Q953482,,,,
US,MO,Missouri,"Blue Eye, MO",relation,140688,8,Cities/Towns/Villages/Municipalities,Q956586,,,,
US,MO,Missouri,Summersville,relation,140689,8,Cities/Towns/Villages/Municipalities,Q962755,,,,
US,MO,Missouri,Raymondville,relation,140692,8,Cities/Towns/Villages/Municipalities,Q959980,,,,
US,MO,Missouri,Plato,relation,140693,8,Cities/Towns/Villages/Municipalities,Q3459264,,,,
US,MO,Missouri,Mountain Grove,relation,140695,8,Cities/Towns/Villages/Municipalities,Q956862,,,,
US,MO,Missouri,Licking,relation,140696,8,Cities/Towns/Villages/Municipalities,Q962674,,,,
US,MO,Missouri,Houston,relation,140698,8,Cities/Towns/Villages/Municipalities,Q962428,,,,
US,MO,Missouri,Wyatt,relation,140699,8,Cities/Towns/Villages/Municipalities,Q960282,,,,
US,MO,Missouri,Wilson City,relation,140700,8,Cities/Towns/Villages/Municipalities,Q2009564,,,,
US,MO,Missouri,Pinhook,relation,140701,8,Cities/Towns/Villages/Municipalities,Q3295993,,,,
US,MO,Missouri,Charleston,relation,140702,8,Cities/Towns/Villages/Municipalities,Q953943,,,,
US,MO,Missouri,Bertrand,relation,140703,8,Cities/Towns/Villages/Municipalities,Q953087,,,,
US,MO,Missouri,Anniston,relation,140704,8,Cities/Towns/Villages/Municipalities,Q964671,,,,
US,MO,Missouri,Ellington,relation,140713,8,Cities/Towns/Villages/Municipalities,Q966555,,,,
US,MO,Missouri,Centerville,relation,140714,8,Cities/Towns/Villages/Municipalities,Q958038,,,,
US,MO,Missouri,Ridgeway,relation,140715,8,Cities/Towns/Villages/Municipalities,Q953521,,,,
US,MO,Missouri,New Hampton,relation,140716,8,Cities/Towns/Villages/Municipalities,Q966476,,,,
US,MO,Missouri,Mount Moriah,relation,140717,8,Cities/Towns/Villages/Municipalities,Q958935,,,,
US,MO,Missouri,Eagleville,relation,140718,8,Cities/Towns/Villages/Municipalities,Q955649,,,,
US,MO,Missouri,Cainsville,relation,140719,8,Cities/Towns/Villages/Municipalities,Q967504,,,,
US,MO,Missouri,Blythedale,relation,140720,8,Cities/Towns/Villages/Municipalities,Q2541544,,,,
US,MO,Missouri,Bethany,relation,140721,8,Cities/Towns/Villages/Municipalities,Q831200,,,,
US,MO,Missouri,Turney,relation,140722,8,Cities/Towns/Villages/Municipalities,Q2427785,,,,
US,MO,Missouri,Trimble,relation,140723,8,Cities/Towns/Villages/Municipalities,Q960073,,,,
US,MO,Missouri,Plattsburg,relation,140726,8,Cities/Towns/Villages/Municipalities,Q787485,,,,
US,MO,Missouri,Lathrop,relation,140727,8,Cities/Towns/Villages/Municipalities,Q962468,,,,
US,MO,Missouri,Gower,relation,140731,8,Cities/Towns/Villages/Municipalities,Q960801,,,,
US,MO,Missouri,Osborn,relation,140732,8,Cities/Towns/Villages/Municipalities,Q960309,,,,
US,MO,Missouri,Cameron,relation,140735,8,Cities/Towns/Villages/Municipalities,Q956909,,,,
US,MO,Missouri,Phillipsburg,relation,140736,8,Cities/Towns/Villages/Municipalities,Q2608536,,,,
US,MO,Missouri,Evergreen,relation,140738,8,Cities/Towns/Villages/Municipalities,Q2280181,,,,
US,MO,Missouri,Conway,relation,140739,8,Cities/Towns/Villages/Municipalities,Q745142,,,,
US,MO,Missouri,Wellington,relation,140742,8,Cities/Towns/Villages/Municipalities,Q965903,,,,
US,MO,Missouri,Waverly,relation,140743,8,Cities/Towns/Villages/Municipalities,Q953839,,,,
US,MO,Missouri,Odessa,relation,140745,8,Cities/Towns/Villages/Municipalities,Q960445,,,,
US,MO,Missouri,Mayview,relation,140746,8,Cities/Towns/Villages/Municipalities,Q965405,,,,
US,MO,Missouri,Lexington,relation,140748,8,Cities/Towns/Villages/Municipalities,Q966449,,,,
US,MO,Missouri,Lake Lafayette,relation,140749,8,Cities/Towns/Villages/Municipalities,Q958432,,,,
US,MO,Missouri,Higginsville,relation,140765,8,Cities/Towns/Villages/Municipalities,Q958422,,,,
US,MO,Missouri,Emma,relation,140766,8,Cities/Towns/Villages/Municipalities,Q956314,,,,
US,MO,Missouri,Dover,relation,140767,8,Cities/Towns/Villages/Municipalities,Q967091,,,,
US,MO,Missouri,Corder,relation,140771,8,Cities/Towns/Villages/Municipalities,Q963909,,,,
US,MO,Missouri,Concordia,relation,140772,8,Cities/Towns/Villages/Municipalities,Q953335,,,,
US,MO,Missouri,Blackburn,relation,140773,8,Cities/Towns/Villages/Municipalities,Q960921,,,,
US,MO,Missouri,Bates City,relation,140774,8,Cities/Towns/Villages/Municipalities,Q962297,,,,
US,MO,Missouri,Aullville,relation,140775,8,Cities/Towns/Villages/Municipalities,Q2477476,,,,
US,MO,Missouri,Alma,relation,140776,8,Cities/Towns/Villages/Municipalities,Q964626,,,,
US,MO,Missouri,Oak Grove,relation,140781,8,Cities/Towns/Villages/Municipalities,Q956596,,,,
US,MO,Missouri,Stoutsville,relation,140783,8,Cities/Towns/Villages/Municipalities,Q1992088,,,,
US,MO,Missouri,Paris,relation,140787,8,Cities/Towns/Villages/Municipalities,Q960025,,,,
US,MO,Missouri,Madison,relation,140788,8,Cities/Towns/Villages/Municipalities,Q961835,,,,
US,MO,Missouri,Holliday,relation,140789,8,Cities/Towns/Villages/Municipalities,Q1973306,,,,
US,MO,Missouri,Goss,relation,140790,8,Cities/Towns/Villages/Municipalities,Q5587456,,,,
US,MO,Missouri,Florida,relation,140791,8,Cities/Towns/Villages/Municipalities,Q537803,,,,
US,MO,Missouri,Monroe City,relation,140806,8,Cities/Towns/Villages/Municipalities,Q957330,,,,
US,MO,Missouri,Renick,relation,140807,8,Cities/Towns/Villages/Municipalities,Q2623124,,,,
US,MO,Missouri,Moberly,relation,140812,8,Cities/Towns/Villages/Municipalities,Q961380,,,,
US,MO,Missouri,Jacksonville,relation,140813,8,Cities/Towns/Villages/Municipalities,Q2224505,,,,
US,MO,Missouri,Huntsville,relation,140815,8,Cities/Towns/Villages/Municipalities,Q962648,,,,
US,MO,Missouri,Higbee,relation,140816,8,Cities/Towns/Villages/Municipalities,Q963873,,,,
US,MO,Missouri,Clifton Hill,relation,140817,8,Cities/Towns/Villages/Municipalities,Q958456,,,,
US,MO,Missouri,Clark,relation,140818,8,Cities/Towns/Villages/Municipalities,Q952524,,,,
US,MO,Missouri,Cairo,relation,140824,8,Cities/Towns/Villages/Municipalities,Q2456665,,,,
US,MO,Missouri,Wellsville,relation,140827,8,Cities/Towns/Villages/Municipalities,Q960182,,,,
US,MO,Missouri,Rhineland,relation,140829,8,Cities/Towns/Villages/Municipalities,Q959003,,,,
US,MO,Missouri,New Florence,relation,140833,8,Cities/Towns/Villages/Municipalities,Q956888,,,,
US,MO,Missouri,Montgomery City,relation,140834,8,Cities/Towns/Villages/Municipalities,Q965760,,,,
US,MO,Missouri,Middletown,relation,140835,8,Cities/Towns/Villages/Municipalities,Q962920,,,,
US,MO,Missouri,McKittrick,relation,140836,8,Cities/Towns/Villages/Municipalities,Q965282,,,,
US,MO,Missouri,Jonesburg,relation,140837,8,Cities/Towns/Villages/Municipalities,Q281204,,,,
US,MO,Missouri,High Hill,relation,140838,8,Cities/Towns/Villages/Municipalities,Q2146666,,,,
US,MO,Missouri,Bellflower,relation,140841,8,Cities/Towns/Villages/Municipalities,Q963469,,,,
US,MO,Missouri,Sweet Springs,relation,140842,8,Cities/Towns/Villages/Municipalities,Q966294,,,,
US,MO,Missouri,Slater,relation,140844,8,Cities/Towns/Villages/Municipalities,Q782525,,,,
US,MO,Missouri,Nelson,relation,140845,8,Cities/Towns/Villages/Municipalities,Q961857,,,,
US,MO,Missouri,Mount Leonard,relation,140851,8,Cities/Towns/Villages/Municipalities,Q260806,,,,
US,MO,Missouri,Miami,relation,140852,8,Cities/Towns/Villages/Municipalities,Q966585,,,,
US,MO,Missouri,Marshall,relation,140858,8,Cities/Towns/Villages/Municipalities,Q954882,,,,
US,MO,Missouri,Malta Bend,relation,140859,8,Cities/Towns/Villages/Municipalities,Q541224,,,,
US,MO,Missouri,Grand Pass,relation,140861,8,Cities/Towns/Villages/Municipalities,Q2205513,,,,
US,MO,Missouri,Gilliam,relation,140862,8,Cities/Towns/Villages/Municipalities,Q953623,,,,
US,MO,Missouri,Arrow Rock,relation,140863,8,Cities/Towns/Villages/Municipalities,Q966847,,,,
US,MO,Missouri,Puxico,relation,140866,8,Cities/Towns/Villages/Municipalities,Q969407,,,,
US,MO,Missouri,Penermon,relation,140868,8,Cities/Towns/Villages/Municipalities,Q2281057,,,,
US,MO,Missouri,Essex,relation,140869,8,Cities/Towns/Villages/Municipalities,Q957805,,,,
US,MO,Missouri,Dudley,relation,140870,8,Cities/Towns/Villages/Municipalities,Q966752,,,,
US,MO,Missouri,Dexter,relation,140873,8,Cities/Towns/Villages/Municipalities,Q963451,,,,
US,MO,Missouri,Bloomfield,relation,140874,8,Cities/Towns/Villages/Municipalities,Q952941,,,,
US,MO,Missouri,Bernie,relation,140878,8,Cities/Towns/Villages/Municipalities,Q955330,,,,
US,MO,Missouri,Bell City,relation,140879,8,Cities/Towns/Villages/Municipalities,Q642084,,,,
US,MO,Missouri,Baker,relation,140880,8,Cities/Towns/Villages/Municipalities,Q392548,,,,
US,MO,Missouri,Advance,relation,140884,8,Cities/Towns/Villages/Municipalities,Q379156,,,,
US,MO,Missouri,Sedgewickville,relation,140887,8,Cities/Towns/Villages/Municipalities,Q1893577,,,,
US,MO,Missouri,Marble Hill,relation,140892,8,Cities/Towns/Villages/Municipalities,Q970304,,,,
US,MO,Missouri,Glen Allen,relation,140893,8,Cities/Towns/Villages/Municipalities,Q956553,,,,
US,MO,Missouri,Steelville,relation,140894,8,Cities/Towns/Villages/Municipalities,Q581269,,,,
US,MO,Missouri,Leasburg,relation,140895,8,Cities/Towns/Villages/Municipalities,Q2493313,,,,
US,MO,Missouri,Cuba,relation,140901,8,Cities/Towns/Villages/Municipalities,Q569942,,,,
US,MO,Missouri,Bourbon,relation,140902,8,Cities/Towns/Villages/Municipalities,Q958286,,,,
US,MO,Missouri,Sullivan,relation,140903,8,Cities/Towns/Villages/Municipalities,Q957490,,,,
US,MO,Missouri,Worthington,relation,140904,8,Cities/Towns/Villages/Municipalities,Q2964625,,,,
US,MO,Missouri,Unionville,relation,140906,8,Cities/Towns/Villages/Municipalities,Q598853,,,,
US,MO,Missouri,Powersville,relation,140907,8,Cities/Towns/Villages/Municipalities,Q1962130,,,,
US,MO,Missouri,Lucerne,relation,140908,8,Cities/Towns/Villages/Municipalities,Q961598,,,,
US,MO,Missouri,Livonia,relation,140909,8,Cities/Towns/Villages/Municipalities,Q2086455,,,,
US,MO,Missouri,Van Buren,relation,140912,8,Cities/Towns/Villages/Municipalities,Q961281,,,,
US,MO,Missouri,Grandin,relation,140913,8,Cities/Towns/Villages/Municipalities,Q967675,,,,
US,MO,Missouri,Ellsinore,relation,140914,8,Cities/Towns/Villages/Municipalities,Q956795,,,,
US,MO,Missouri,Wardsville,relation,140915,8,Cities/Towns/Villages/Municipalities,Q2251257,,,,
US,MO,Missouri,Taos,relation,140916,8,Cities/Towns/Villages/Municipalities,Q955486,,,,
US,MO,Missouri,St. Thomas,relation,140917,8,Cities/Towns/Villages/Municipalities,Q954826,,,,
US,MO,Missouri,St. Martins,relation,140919,8,Cities/Towns/Villages/Municipalities,Q961557,,,,
US,MO,Missouri,Russellville,relation,140920,8,Cities/Towns/Villages/Municipalities,Q585728,,,,
US,MO,Missouri,Lohman,relation,140921,8,Cities/Towns/Villages/Municipalities,Q957655,,,,
US,MO,Missouri,Centertown,relation,140925,8,Cities/Towns/Villages/Municipalities,Q958869,,,,
US,MO,Missouri,Senath,relation,140926,8,Cities/Towns/Villages/Municipalities,Q960374,,,,
US,MO,Missouri,Rives,relation,140928,8,Cities/Towns/Villages/Municipalities,Q964091,,,,
US,MO,Missouri,Malden,relation,140931,8,Cities/Towns/Villages/Municipalities,Q954015,,,,
US,MO,Missouri,Kennett,relation,140932,8,Cities/Towns/Villages/Municipalities,Q374636,,,,
US,MO,Missouri,Hornersville,relation,140933,8,Cities/Towns/Villages/Municipalities,Q961087,,,,
US,MO,Missouri,Holcomb,relation,140934,8,Cities/Towns/Villages/Municipalities,Q959942,,,,
US,MO,Missouri,Clarkton,relation,140935,8,Cities/Towns/Villages/Municipalities,Q963794,,,,
US,MO,Missouri,Cardwell,relation,140936,8,Cities/Towns/Villages/Municipalities,Q953411,,,,
US,MO,Missouri,Campbell,relation,140937,8,Cities/Towns/Villages/Municipalities,Q591714,,,,
US,MO,Missouri,Canton,relation,140938,8,Cities/Towns/Villages/Municipalities,Q962268,,,,
US,MO,Missouri,Ewing,relation,140939,8,Cities/Towns/Villages/Municipalities,Q958478,,,,
US,MO,Missouri,La Belle,relation,140942,8,Cities/Towns/Villages/Municipalities,Q952666,,,,
US,MO,Missouri,La Grange,relation,140943,8,Cities/Towns/Villages/Municipalities,Q968951,,,,
US,MO,Missouri,Lewistown,relation,140944,8,Cities/Towns/Villages/Municipalities,Q959381,,,,
US,MO,Missouri,Monticello,relation,140945,8,Cities/Towns/Villages/Municipalities,Q1999158,,,,
US,MO,Missouri,Chamois,relation,140946,8,Cities/Towns/Villages/Municipalities,Q963082,,,,
US,MO,Missouri,Freeburg,relation,140947,8,Cities/Towns/Villages/Municipalities,Q2152976,,,,
US,MO,Missouri,Linn,relation,140949,8,Cities/Towns/Villages/Municipalities,Q962282,,,,
US,MO,Missouri,Meta,relation,140951,8,Cities/Towns/Villages/Municipalities,Q966170,,,,
US,MO,Missouri,Westphalia,relation,140952,8,Cities/Towns/Villages/Municipalities,Q962207,,,,
US,MO,Missouri,Marthasville,relation,140953,8,Cities/Towns/Villages/Municipalities,Q964448,,,,
US,MO,Missouri,Pendleton,relation,140955,8,Cities/Towns/Villages/Municipalities,Q3709710,,,,
US,MO,Missouri,Warrenton,relation,140956,8,Cities/Towns/Villages/Municipalities,Q956218,,,,
US,MO,Missouri,Fairfax,relation,140958,8,Cities/Towns/Villages/Municipalities,Q961574,,,,
US,MO,Missouri,Rock Port,relation,140959,8,Cities/Towns/Villages/Municipalities,Q962455,,,,
US,MO,Missouri,Tarkio,relation,140960,8,Cities/Towns/Villages/Municipalities,Q777750,,,,
US,MO,Missouri,Watson,relation,140961,8,Cities/Towns/Villages/Municipalities,Q2602449,,,,
US,MO,Missouri,Westboro,relation,140964,8,Cities/Towns/Villages/Municipalities,Q960062,,,,
US,MO,Missouri,Elmira,relation,140965,8,Cities/Towns/Villages/Municipalities,Q2677531,,,,
US,MO,Missouri,Hardin,relation,140967,8,Cities/Towns/Villages/Municipalities,Q953399,,,,
US,MO,Missouri,Orrick,relation,140968,8,Cities/Towns/Villages/Municipalities,Q967911,,,,
US,MO,Missouri,Richmond,relation,140970,8,Cities/Towns/Villages/Municipalities,Q955399,,,,
US,MO,Missouri,Wood Heights,relation,140973,8,Cities/Towns/Villages/Municipalities,Q954125,,,,
US,MO,Missouri,Appleton City,relation,140974,8,Cities/Towns/Villages/Municipalities,Q521513,,,,
US,MO,Missouri,Collins,relation,140975,8,Cities/Towns/Villages/Municipalities,Q2044730,,,,
US,MO,Missouri,Gerster,relation,140976,8,Cities/Towns/Villages/Municipalities,Q954814,,,,
US,MO,Missouri,Lowry City,relation,140977,8,Cities/Towns/Villages/Municipalities,Q952615,,,,
US,MO,Missouri,Osceola,relation,140978,8,Cities/Towns/Villages/Municipalities,Q958985,,,,
US,MO,Missouri,Roscoe,relation,140979,8,Cities/Towns/Villages/Municipalities,Q1962912,,,,
US,MO,Missouri,Vista,relation,140981,8,Cities/Towns/Villages/Municipalities,Q3321768,,,,
US,MO,Missouri,Vandalia,relation,140983,8,Cities/Towns/Villages/Municipalities,Q960362,,,,
US,MO,Missouri,Benton City,relation,140984,8,Cities/Towns/Villages/Municipalities,Q2329067,,,,
US,MO,Missouri,Centralia,relation,140987,8,Cities/Towns/Villages/Municipalities,Q962541,,,,
US,MO,Missouri,Farber,relation,140990,8,Cities/Towns/Villages/Municipalities,Q953064,,,,
US,MO,Missouri,Laddonia,relation,140991,8,Cities/Towns/Villages/Municipalities,Q953077,,,,
US,MO,Missouri,Martinsburg,relation,140992,8,Cities/Towns/Villages/Municipalities,Q954803,,,,
US,MO,Missouri,Mexico,relation,140996,8,Cities/Towns/Villages/Municipalities,Q178652,,,,
US,MO,Missouri,Rush Hill,relation,140997,8,Cities/Towns/Villages/Municipalities,Q2567000,,,,
US,MO,Missouri,Vandiver,relation,140998,8,Cities/Towns/Villages/Municipalities,Q2037197,,,,
US,MO,Missouri,Birmingham,relation,140999,8,Cities/Towns/Villages/Municipalities,Q2188746,,,,
US,MO,Missouri,Excelsior Estates,relation,141000,8,Cities/Towns/Villages/Municipalities,Q1970424,,,,
US,MO,Missouri,Excelsior Springs,relation,141001,8,Cities/Towns/Villages/Municipalities,Q959823,,,,
US,MO,Missouri,Glenaire,relation,141002,8,Cities/Towns/Villages/Municipalities,Q965886,,,,
US,MO,Missouri,Holt,relation,141007,8,Cities/Towns/Villages/Municipalities,Q964555,,,,
US,MO,Missouri,Kansas City,relation,141008,8,Cities/Towns/Villages/Municipalities,Q41819,,,,
US,MO,Missouri,Kearney,relation,141011,8,Cities/Towns/Villages/Municipalities,Q957355,,,,
US,MO,Missouri,Lawson,relation,141012,8,Cities/Towns/Villages/Municipalities,Q965778,,,,
US,MO,Missouri,Liberty,relation,141013,8,Cities/Towns/Villages/Municipalities,Q959398,,,,
US,MO,Missouri,Missouri City,relation,141014,8,Cities/Towns/Villages/Municipalities,Q960414,,,,
US,MO,Missouri,Randolph,relation,141015,8,Cities/Towns/Villages/Municipalities,Q2769882,,,,
US,MO,Missouri,Smithville,relation,141017,8,Cities/Towns/Villages/Municipalities,Q966017,,,,
US,MO,Missouri,Sugar Creek,relation,141018,8,Cities/Towns/Villages/Municipalities,Q954196,,,,
US,MO,Missouri,Browning,relation,141019,8,Cities/Towns/Villages/Municipalities,Q959557,,,,
US,MO,Missouri,Greencastle,relation,141020,8,Cities/Towns/Villages/Municipalities,Q962776,,,,
US,MO,Missouri,Green City,relation,141021,8,Cities/Towns/Villages/Municipalities,Q961545,,,,
US,MO,Missouri,Harris,relation,141022,8,Cities/Towns/Villages/Municipalities,Q953684,,,,
US,MO,Missouri,Humphreys,relation,141023,8,Cities/Towns/Villages/Municipalities,Q613646,,,,
US,MO,Missouri,Milan,relation,141025,8,Cities/Towns/Villages/Municipalities,Q965421,,,,
US,MO,Missouri,Newtown,relation,141027,8,Cities/Towns/Villages/Municipalities,Q958909,,,,
US,MO,Missouri,Osgood,relation,141028,8,Cities/Towns/Villages/Municipalities,Q2578726,,,,
US,MO,Missouri,Pollock,relation,141029,8,Cities/Towns/Villages/Municipalities,Q2620484,,,,
US,MO,Missouri,Amazonia,relation,141030,8,Cities/Towns/Villages/Municipalities,Q2178535,,,,
US,MO,Missouri,Bolckow,relation,141031,8,Cities/Towns/Villages/Municipalities,Q962005,,,,
US,MO,Missouri,Cosby,relation,141032,8,Cities/Towns/Villages/Municipalities,Q2746650,,,,
US,MO,Missouri,Country Club,relation,141033,8,Cities/Towns/Villages/Municipalities,Q2386738,,,,
US,MO,Missouri,Fillmore,relation,141034,8,Cities/Towns/Villages/Municipalities,Q958276,,,,
US,MO,Missouri,Rea,relation,141035,8,Cities/Towns/Villages/Municipalities,Q508385,,,,
US,MO,Missouri,Savannah,relation,141037,8,Cities/Towns/Villages/Municipalities,Q966006,,,,
US,MO,Missouri,Allenville,relation,141038,8,Cities/Towns/Villages/Municipalities,Q2121434,,,,
US,MO,Missouri,Delta,relation,141039,8,Cities/Towns/Villages/Municipalities,Q963834,,,,
US,MO,Missouri,Gordonville,relation,141042,8,Cities/Towns/Villages/Municipalities,Q2178428,,,,
US,MO,Missouri,Jackson,relation,141046,8,Cities/Towns/Villages/Municipalities,Q959843,,,,
US,MO,Missouri,Oak Ridge,relation,141047,8,Cities/Towns/Villages/Municipalities,Q373537,,,,
US,MO,Missouri,Old Appleton,relation,141048,8,Cities/Towns/Villages/Municipalities,Q963346,,,,
US,MO,Missouri,Pocahontas,relation,141050,8,Cities/Towns/Villages/Municipalities,Q955721,,,,
US,MO,Missouri,Whitewater,relation,141053,8,Cities/Towns/Villages/Municipalities,Q954427,,,,
US,MO,Missouri,Lee's Summit,relation,141054,8,Cities/Towns/Villages/Municipalities,Q959502,,,,
US,MO,Missouri,Archie,relation,141056,8,Cities/Towns/Villages/Municipalities,Q965391,,,,
US,MO,Missouri,Pleasant Hill,relation,141058,8,Cities/Towns/Villages/Municipalities,Q1997770,,,,
US,MO,Missouri,Belton,relation,141059,8,Cities/Towns/Villages/Municipalities,Q968236,,,,
US,MO,Missouri,Cleveland,relation,141060,8,Cities/Towns/Villages/Municipalities,Q955119,,,,
US,MO,Missouri,Creighton,relation,141064,8,Cities/Towns/Villages/Municipalities,Q967801,,,,
US,MO,Missouri,East Lynne,relation,141065,8,Cities/Towns/Villages/Municipalities,Q956814,,,,
US,MO,Missouri,Freeman,relation,141068,8,Cities/Towns/Villages/Municipalities,Q586330,,,,
US,MO,Missouri,Garden City,relation,141069,8,Cities/Towns/Villages/Municipalities,Q962243,,,,
US,MO,Missouri,Gunn City,relation,141070,8,Cities/Towns/Villages/Municipalities,Q2549287,,,,
US,MO,Missouri,Lake Annette,relation,141071,8,Cities/Towns/Villages/Municipalities,Q957419,,,,
US,MO,Missouri,Lake Winnebago,relation,141072,8,Cities/Towns/Villages/Municipalities,Q958092,,,,
US,MO,Missouri,Peculiar,relation,141074,8,Cities/Towns/Villages/Municipalities,Q964417,,,,
US,MO,Missouri,Pleasant Hill,relation,141076,8,Cities/Towns/Villages/Municipalities,Q961469,,,,
US,MO,Missouri,Raymore,relation,141077,8,Cities/Towns/Villages/Municipalities,Q955130,,,,
US,MO,Missouri,Strasburg,relation,141078,8,Cities/Towns/Villages/Municipalities,Q960089,,,,
US,MO,Missouri,West Line,relation,141080,8,Cities/Towns/Villages/Municipalities,Q2071351,,,,
US,MO,Missouri,Riverview Estates,relation,141081,8,Cities/Towns/Villages/Municipalities,Q5643195,,,,
US,MO,Missouri,Polo,relation,141082,8,Cities/Towns/Villages/Municipalities,Q954056,,,,
US,MO,Missouri,Kingston,relation,141083,8,Cities/Towns/Villages/Municipalities,Q969092,,,,
US,MO,Missouri,Kidder,relation,141085,8,Cities/Towns/Villages/Municipalities,Q962968,,,,
US,MO,Missouri,Hamilton,relation,141086,8,Cities/Towns/Villages/Municipalities,Q957058,,,,
US,MO,Missouri,Cowgill,relation,141087,8,Cities/Towns/Villages/Municipalities,Q953266,,,,
US,MO,Missouri,Breckenridge,relation,141088,8,Cities/Towns/Villages/Municipalities,Q965626,,,,
US,MO,Missouri,Braymer,relation,141090,8,Cities/Towns/Villages/Municipalities,Q676468,,,,
US,MO,Missouri,Triplett,relation,141091,8,Cities/Towns/Villages/Municipalities,Q774001,,,,
US,MO,Missouri,Sumner,relation,141092,8,Cities/Towns/Villages/Municipalities,Q645391,,,,
US,MO,Missouri,Salisbury,relation,141093,8,Cities/Towns/Villages/Municipalities,Q960104,,,,
US,MO,Missouri,Rothville,relation,141096,8,Cities/Towns/Villages/Municipalities,Q2672229,,,,
US,MO,Missouri,Mendon,relation,141097,8,Cities/Towns/Villages/Municipalities,Q958540,,,,
US,MO,Missouri,Marceline,relation,141098,8,Cities/Towns/Villages/Municipalities,Q947880,,,,
US,MO,Missouri,Keytesville,relation,141104,8,Cities/Towns/Villages/Municipalities,Q957297,,,,
US,MO,Missouri,Glasgow,relation,141105,8,Cities/Towns/Villages/Municipalities,Q959618,,,,
US,MO,Missouri,Dalton,relation,141106,8,Cities/Towns/Villages/Municipalities,Q958524,,,,
US,MO,Missouri,Brunswick,relation,141108,8,Cities/Towns/Villages/Municipalities,Q958967,,,,
US,MO,Missouri,Waynesville,relation,141109,8,Cities/Towns/Villages/Municipalities,Q589670,,,,
US,MO,Missouri,Saint Robert,relation,141110,8,Cities/Towns/Villages/Municipalities,Q968335,,,,
US,MO,Missouri,Dixon,relation,141111,8,Cities/Towns/Villages/Municipalities,Q962375,,,,
US,MO,Missouri,Crocker,relation,141113,8,Cities/Towns/Villages/Municipalities,Q953296,,,,
US,MO,Missouri,Mercer,relation,141114,8,Cities/Towns/Villages/Municipalities,Q954407,,,,
US,MO,Missouri,Princeton,relation,141115,8,Cities/Towns/Villages/Municipalities,Q964799,,,,
US,MO,Missouri,South Lineville,relation,141116,8,Cities/Towns/Villages/Municipalities,Q958952,,,,
US,MO,Missouri,Altamont,relation,141119,8,Cities/Towns/Villages/Municipalities,Q2088953,,,,
US,MO,Missouri,Coffey,relation,141120,8,Cities/Towns/Villages/Municipalities,Q960783,,,,
US,MO,Missouri,Gallatin,relation,141121,8,Cities/Towns/Villages/Municipalities,Q954581,,,,
US,MO,Missouri,Gilman City,relation,141122,8,Cities/Towns/Villages/Municipalities,Q961758,,,,
US,MO,Missouri,Jameson,relation,141123,8,Cities/Towns/Villages/Municipalities,Q966094,,,,
US,MO,Missouri,Jamesport,relation,141124,8,Cities/Towns/Villages/Municipalities,Q963290,,,,
US,MO,Missouri,Lock Springs,relation,141125,8,Cities/Towns/Villages/Municipalities,Q2486696,,,,
US,MO,Missouri,Pattonsburg,relation,141126,8,Cities/Towns/Villages/Municipalities,Q954140,,,,
US,MO,Missouri,Winston,relation,141127,8,Cities/Towns/Villages/Municipalities,Q2614191,,,,
US,MO,Missouri,Wheeling,relation,141129,8,Cities/Towns/Villages/Municipalities,Q959991,,,,
US,MO,Missouri,Utica,relation,141130,8,Cities/Towns/Villages/Municipalities,Q2552261,,,,
US,MO,Missouri,Mooresville,relation,141131,8,Cities/Towns/Villages/Municipalities,Q2236942,,,,
US,MO,Missouri,Ludlow,relation,141132,8,Cities/Towns/Villages/Municipalities,Q954724,,,,
US,MO,Missouri,Chula,relation,141133,8,Cities/Towns/Villages/Municipalities,Q966882,,,,
US,MO,Missouri,Chillicothe,relation,141138,8,Cities/Towns/Villages/Municipalities,Q959568,,,,
US,MO,Missouri,Linn Creek,relation,141141,8,Cities/Towns/Villages/Municipalities,Q953132,,,,
US,MO,Missouri,Stoutland,relation,141145,8,Cities/Towns/Villages/Municipalities,Q2556182,,,,
US,MO,Missouri,Richland,relation,141146,8,Cities/Towns/Villages/Municipalities,Q961271,,,,
US,MO,Missouri,South Gorin,relation,141148,8,Cities/Towns/Villages/Municipalities,Q965548,,,,
US,MO,Missouri,Rutledge,relation,141149,8,Cities/Towns/Villages/Municipalities,Q962927,,,,
US,MO,Missouri,Memphis,relation,141150,8,Cities/Towns/Villages/Municipalities,Q962034,,,,
US,MO,Missouri,Granger,relation,141151,8,Cities/Towns/Villages/Municipalities,Q3296003,,,,
US,MO,Missouri,Arbela,relation,141152,8,Cities/Towns/Villages/Municipalities,Q965298,,,,
US,MO,Missouri,Scotsdale,relation,141153,8,Cities/Towns/Villages/Municipalities,Q2587629,,,,
US,MO,Missouri,Pevely,relation,141154,8,Cities/Towns/Villages/Municipalities,Q953892,,,,
US,MO,Missouri,Olympian Village,relation,141155,8,Cities/Towns/Villages/Municipalities,Q960051,,,,
US,MO,Missouri,Kimmswick,relation,141156,8,Cities/Towns/Villages/Municipalities,Q958199,,,,
US,MO,Missouri,Hillsboro,relation,141157,8,Cities/Towns/Villages/Municipalities,Q962387,,,,
US,MO,Missouri,Herculaneum,relation,141158,8,Cities/Towns/Villages/Municipalities,Q961668,,,,
US,MO,Missouri,Festus,relation,141160,8,Cities/Towns/Villages/Municipalities,Q966396,,,,
US,MO,Missouri,De Soto,relation,141167,8,Cities/Towns/Villages/Municipalities,Q952961,,,,
US,MO,Missouri,Cedar Hill Lakes,relation,141168,8,Cities/Towns/Villages/Municipalities,Q1979579,,,,
US,MO,Missouri,Byrnes Mill,relation,141169,8,Cities/Towns/Villages/Municipalities,Q967539,,,,
US,MO,Missouri,Tipton,relation,141170,8,Cities/Towns/Villages/Municipalities,Q960333,,,,
US,MO,Missouri,Lupus,relation,141171,8,Cities/Towns/Villages/Municipalities,Q960835,,,,
US,MO,Missouri,Jamestown,relation,141172,8,Cities/Towns/Villages/Municipalities,Q960889,,,,
US,MO,Missouri,Clarksburg,relation,141175,8,Cities/Towns/Villages/Municipalities,Q967485,,,,
US,MO,Missouri,California,relation,141178,8,Cities/Towns/Villages/Municipalities,Q961237,,,,
US,MO,Missouri,South Gifford,relation,141179,8,Cities/Towns/Villages/Municipalities,Q2375953,,,,
US,MO,Missouri,New Cambria,relation,141180,8,Cities/Towns/Villages/Municipalities,Q954031,,,,
US,MO,Missouri,Macon,relation,141181,8,Cities/Towns/Villages/Municipalities,Q967361,,,,
US,MO,Missouri,La Plata,relation,141182,8,Cities/Towns/Villages/Municipalities,Q953307,,,,
US,MO,Missouri,Ethel,relation,141183,8,Cities/Towns/Villages/Municipalities,Q967562,,,,
US,MO,Missouri,Elmer,relation,141184,8,Cities/Towns/Villages/Municipalities,Q956875,,,,
US,MO,Missouri,Callao,relation,141185,8,Cities/Towns/Villages/Municipalities,Q964639,,,,
US,MO,Missouri,Bevier,relation,141186,8,Cities/Towns/Villages/Municipalities,Q952798,,,,
US,MO,Missouri,Atlanta,relation,141187,8,Cities/Towns/Villages/Municipalities,Q961932,,,,
US,MO,Missouri,Thayer,relation,141190,8,Cities/Towns/Villages/Municipalities,Q953605,,,,
US,MO,Missouri,Koshkonong,relation,141191,8,Cities/Towns/Villages/Municipalities,Q953794,,,,
US,MO,Missouri,Alton,relation,141192,8,Cities/Towns/Villages/Municipalities,Q775500,,,,
US,MO,Missouri,Naylor,relation,141193,8,Cities/Towns/Villages/Municipalities,Q962725,,,,
US,MO,Missouri,Doniphan,relation,141195,8,Cities/Towns/Villages/Municipalities,Q962358,,,,
US,MO,Missouri,Shelbyville,relation,141198,8,Cities/Towns/Villages/Municipalities,Q956077,,,,
US,MO,Missouri,Shelbina,relation,141199,8,Cities/Towns/Villages/Municipalities,Q954303,,,,
US,MO,Missouri,Leonard,relation,141200,8,Cities/Towns/Villages/Municipalities,Q2518936,,,,
US,MO,Missouri,Hunnewell,relation,141201,8,Cities/Towns/Villages/Municipalities,Q954971,,,,
US,MO,Missouri,Clarence,relation,141202,8,Cities/Towns/Villages/Municipalities,Q963670,,,,
US,MO,Missouri,Bethel,relation,141203,8,Cities/Towns/Villages/Municipalities,Q2484610,,,,
US,MO,Missouri,Rogersville,relation,141204,8,Cities/Towns/Villages/Municipalities,Q953654,,,,
US,MO,Missouri,Diggins,relation,141207,8,Cities/Towns/Villages/Municipalities,Q2611219,,,,
US,MO,Missouri,Fordland,relation,141208,8,Cities/Towns/Villages/Municipalities,Q958350,,,,
US,MO,Missouri,Marshfield,relation,141209,8,Cities/Towns/Villages/Municipalities,Q963309,,,,
US,MO,Missouri,Niangua,relation,141210,8,Cities/Towns/Villages/Municipalities,Q954277,,,,
US,MO,Missouri,Seymour,relation,141214,8,Cities/Towns/Villages/Municipalities,Q954379,,,,
US,MO,Missouri,Pacific,relation,141215,8,Cities/Towns/Villages/Municipalities,Q967048,,,,
US,MO,Missouri,Bella Villa,relation,141216,8,Cities/Towns/Villages/Municipalities,Q962171,,,,
US,MO,Missouri,Country Life Acres,relation,141217,8,Cities/Towns/Villages/Municipalities,Q3295709,,,,
US,MO,Missouri,Flordell Hills,relation,141221,8,Cities/Towns/Villages/Municipalities,Q970314,,,,
US,MO,Missouri,Jennings,relation,141222,8,Cities/Towns/Villages/Municipalities,Q959773,,,,
US,MO,Missouri,Normandy,relation,141223,8,Cities/Towns/Villages/Municipalities,Q961197,,,,
US,MO,Missouri,Town and Country,relation,141224,8,Cities/Towns/Villages/Municipalities,Q966156,,,,
US,MO,Missouri,Valley Park,relation,141225,8,Cities/Towns/Villages/Municipalities,Q967203,,,,
US,MO,Missouri,Billings,relation,141226,8,Cities/Towns/Villages/Municipalities,Q961517,,,,
US,MO,Missouri,Fremont Hills,relation,141229,8,Cities/Towns/Villages/Municipalities,Q958358,,,,
US,MO,Missouri,Highlandville,relation,141230,8,Cities/Towns/Villages/Municipalities,Q963991,,,,
US,MO,Missouri,Nixa,relation,141233,8,Cities/Towns/Villages/Municipalities,Q924239,,,,
US,MO,Missouri,Ozark,relation,141237,8,Cities/Towns/Villages/Municipalities,Q968766,,,,
US,MO,Missouri,Sparta,relation,141238,8,Cities/Towns/Villages/Municipalities,Q962713,,,,
US,MO,Missouri,Springfield,relation,141244,8,Cities/Towns/Villages/Municipalities,Q135615,,,,
US,MO,Missouri,Republic,relation,141245,8,Cities/Towns/Villages/Municipalities,Q267220,,,,
US,MO,Missouri,Berger,relation,141247,8,Cities/Towns/Villages/Municipalities,Q819588,,,,
US,MO,Missouri,Gerald,relation,141250,8,Cities/Towns/Villages/Municipalities,Q965698,,,,
US,MO,Missouri,Leslie,relation,141251,8,Cities/Towns/Villages/Municipalities,Q637684,,,,
US,MO,Missouri,Miramiguoa Park,relation,141252,8,Cities/Towns/Villages/Municipalities,Q1979463,,,,
US,MO,Missouri,New Haven,relation,141255,8,Cities/Towns/Villages/Municipalities,Q964958,,,,
US,MO,Missouri,Parkway,relation,141256,8,Cities/Towns/Villages/Municipalities,Q2244686,,,,
US,MO,Missouri,St. Clair,relation,141257,8,Cities/Towns/Villages/Municipalities,Q279727,,,,
US,MO,Missouri,Union,relation,141259,8,Cities/Towns/Villages/Municipalities,Q1001710,,,,
US,MO,Missouri,Washington,relation,141263,8,Cities/Towns/Villages/Municipalities,Q761885,,,,
US,MO,Missouri,Williamsville,relation,141265,8,Cities/Towns/Villages/Municipalities,Q965978,,,,
US,MO,Missouri,Piedmont,relation,141267,8,Cities/Towns/Villages/Municipalities,Q963250,,,,
US,MO,Missouri,Mill Spring,relation,141268,8,Cities/Towns/Villages/Municipalities,Q2098063,,,,
US,MO,Missouri,Greenville,relation,141269,8,Cities/Towns/Villages/Municipalities,Q966437,,,,
US,MO,Missouri,Salem,relation,141271,8,Cities/Towns/Villages/Municipalities,Q385726,,,,
US,MO,Missouri,Bunker,relation,141274,8,Cities/Towns/Villages/Municipalities,Q957006,,,,
US,MO,Missouri,Brandsville,relation,141275,8,Cities/Towns/Villages/Municipalities,Q960772,,,,
US,MO,Missouri,Mountain View,relation,141277,8,Cities/Towns/Villages/Municipalities,Q962791,,,,
US,MO,Missouri,West Plains,relation,141285,8,Cities/Towns/Villages/Municipalities,Q966271,,,,
US,MO,Missouri,Willow Springs,relation,141288,8,Cities/Towns/Villages/Municipalities,Q957431,,,,
US,MO,Missouri,Bogard,relation,141289,8,Cities/Towns/Villages/Municipalities,Q936093,,,,
US,MO,Missouri,Bosworth,relation,141290,8,Cities/Towns/Villages/Municipalities,Q963557,,,,
US,MO,Missouri,Carrollton,relation,141292,8,Cities/Towns/Villages/Municipalities,Q953907,,,,
US,MO,Missouri,De Witt,relation,141295,8,Cities/Towns/Villages/Municipalities,Q953036,,,,
US,MO,Missouri,Hale,relation,141296,8,Cities/Towns/Villages/Municipalities,Q956938,,,,
US,MO,Missouri,Norborne,relation,141297,8,Cities/Towns/Villages/Municipalities,Q954156,,,,
US,MO,Missouri,Tina,relation,141298,8,Cities/Towns/Villages/Municipalities,Q1976648,,,,
US,MO,Missouri,Annapolis,relation,141299,8,Cities/Towns/Villages/Municipalities,Q937338,,,,
US,MO,Missouri,Des Arc,relation,141305,8,Cities/Towns/Villages/Municipalities,Q2127278,,,,
US,MO,Missouri,Viburnum,relation,141306,8,Cities/Towns/Villages/Municipalities,Q771422,,,,
US,MO,Missouri,Barnett,relation,141307,8,Cities/Towns/Villages/Municipalities,Q967416,,,,
US,MO,Missouri,Gravois Mills,relation,141310,8,Cities/Towns/Villages/Municipalities,Q961441,,,,
US,MO,Missouri,Stover,relation,141311,8,Cities/Towns/Villages/Municipalities,Q958883,,,,
US,MO,Missouri,Sunrise Beach,relation,141312,8,Cities/Towns/Villages/Municipalities,Q3184202,,,,
US,MO,Missouri,Syracuse,relation,141314,8,Cities/Towns/Villages/Municipalities,Q963337,,,,
US,MO,Missouri,Versailles,relation,141316,8,Cities/Towns/Villages/Municipalities,Q963265,,,,
US,MO,Missouri,Bakersfield,relation,141317,8,Cities/Towns/Villages/Municipalities,Q1961737,,,,
US,MO,Missouri,Gainesville,relation,141321,8,Cities/Towns/Villages/Municipalities,Q961205,,,,
US,MO,Missouri,Theodosia,relation,141322,8,Cities/Towns/Villages/Municipalities,Q2012378,,,,
US,MO,Missouri,Edgar Springs,relation,141323,8,Cities/Towns/Villages/Municipalities,Q965599,,,,
US,MO,Missouri,Newburg,relation,141324,8,Cities/Towns/Villages/Municipalities,Q960322,,,,
US,MO,Missouri,Rolla,relation,141325,8,Cities/Towns/Villages/Municipalities,Q955386,,,,
US,MO,Missouri,St. James,relation,141326,8,Cities/Towns/Villages/Municipalities,Q958737,,Saint James,,
US,MO,Missouri,Auxvasse,relation,141328,8,Cities/Towns/Villages/Municipalities,Q962441,,,,
US,MO,Missouri,Fulton,relation,141333,8,Cities/Towns/Villages/Municipalities,Q839802,,,,
US,MO,Missouri,Holts Summit,relation,141335,8,Cities/Towns/Villages/Municipalities,Q965812,,,,
US,MO,Missouri,Kingdom City,relation,141336,8,Cities/Towns/Villages/Municipalities,Q2753290,,,,
US,MO,Missouri,Lake Mykee Town,relation,141337,8,Cities/Towns/Villages/Municipalities,Q2134672,,,,
US,MO,Missouri,Mokane,relation,141339,8,Cities/Towns/Villages/Municipalities,Q958635,,,,
US,MO,Missouri,New Bloomfield,relation,141340,8,Cities/Towns/Villages/Municipalities,Q427353,,,,
US,MO,Missouri,Allendale,relation,141341,8,Cities/Towns/Villages/Municipalities,Q957099,,,,
US,MO,Missouri,Denver,relation,141344,8,Cities/Towns/Villages/Municipalities,Q1959011,,,,
US,MO,Missouri,Grant City,relation,141345,8,Cities/Towns/Villages/Municipalities,Q958166,,,,
US,MO,Missouri,Irena,relation,141346,8,Cities/Towns/Villages/Municipalities,Q268176,,,,
US,MO,Missouri,Sheridan,relation,141347,8,Cities/Towns/Villages/Municipalities,Q954609,,,,
US,MO,Missouri,Worth,relation,141348,8,Cities/Towns/Villages/Municipalities,Q954979,,,,
US,MO,Missouri,Birch Tree,relation,141353,8,Cities/Towns/Villages/Municipalities,Q963821,,,,
US,MO,Missouri,Eminence,relation,141355,8,Cities/Towns/Villages/Municipalities,Q957307,,,,
US,MO,Missouri,Winona,relation,141356,8,Cities/Towns/Villages/Municipalities,Q953956,,,,
US,MO,Missouri,Annada,relation,141357,8,Cities/Towns/Villages/Municipalities,Q2712926,,,,
US,MO,Missouri,Ashburn,relation,141358,8,Cities/Towns/Villages/Municipalities,Q960815,,,,
US,MO,Missouri,Bowling Green,relation,141359,8,Cities/Towns/Villages/Municipalities,Q175242,,,,
US,MO,Missouri,Clarksville,relation,141360,8,Cities/Towns/Villages/Municipalities,Q957318,,,,
US,MO,Missouri,Curryville,relation,141361,8,Cities/Towns/Villages/Municipalities,Q952598,,,,
US,MO,Missouri,Eolia,relation,141364,8,Cities/Towns/Villages/Municipalities,Q2404407,,,,
US,MO,Missouri,Frankford,relation,141365,8,Cities/Towns/Villages/Municipalities,Q960791,,,,
US,MO,Missouri,Louisiana,relation,141368,8,Cities/Towns/Villages/Municipalities,Q773345,,,,
US,MO,Missouri,Paynesville,relation,141369,8,Cities/Towns/Villages/Municipalities,Q1960356,,,,
US,MO,Missouri,Tarrants,relation,141370,8,Cities/Towns/Villages/Municipalities,Q920999,,,,
US,MO,Missouri,Novinger,relation,141371,8,Cities/Towns/Villages/Municipalities,Q960266,,,,
US,MO,Missouri,Millard,relation,141372,8,Cities/Towns/Villages/Municipalities,Q2721388,,,,
US,MO,Missouri,Kirksville,relation,141375,8,Cities/Towns/Villages/Municipalities,Q966460,,,,
US,MO,Missouri,Gibbs,relation,141377,8,Cities/Towns/Villages/Municipalities,Q2399781,,,,
US,MO,Missouri,Brashear,relation,141378,8,Cities/Towns/Villages/Municipalities,Q899058,,,,
US,MO,Missouri,Greentop,relation,141379,8,Cities/Towns/Villages/Municipalities,Q953551,,,,
US,MO,Missouri,Sturgeon,relation,141382,8,Cities/Towns/Villages/Municipalities,Q962124,,,,
US,MO,Missouri,Rocheport,relation,141383,8,Cities/Towns/Villages/Municipalities,Q2604677,,,,
US,MO,Missouri,McBaine,relation,141384,8,Cities/Towns/Villages/Municipalities,Q963680,,,,
US,MO,Missouri,Pierpont,relation,141387,8,Cities/Towns/Villages/Municipalities,Q3459583,,,,
US,MO,Missouri,Huntsdale,relation,141388,8,Cities/Towns/Villages/Municipalities,Q3458050,,,,
US,MO,Missouri,Hartsburg,relation,141389,8,Cities/Towns/Villages/Municipalities,Q954540,,,,
US,MO,Missouri,Harrisburg,relation,141390,8,Cities/Towns/Villages/Municipalities,Q956750,,,,
US,MO,Missouri,Hallsville,relation,141395,8,Cities/Towns/Villages/Municipalities,Q968270,,,,
US,MO,Missouri,Columbia,relation,141403,8,Cities/Towns/Villages/Municipalities,Q59670,,,,
US,MO,Missouri,Ashland,relation,141406,8,Cities/Towns/Villages/Municipalities,Q966935,,,,
US,MO,Missouri,Rosebud,relation,141407,8,Cities/Towns/Villages/Municipalities,Q954367,,,,
US,MO,Missouri,Owensville,relation,141409,8,Cities/Towns/Villages/Municipalities,Q430750,,,,
US,MO,Missouri,Morrison,relation,141410,8,Cities/Towns/Villages/Municipalities,Q953635,,,,
US,MO,Missouri,Hermann,relation,141412,8,Cities/Towns/Villages/Municipalities,Q966428,,,,
US,MO,Missouri,Gasconade,relation,141413,8,Cities/Towns/Villages/Municipalities,Q956841,,,,
US,MO,Missouri,Bland,relation,141414,8,Cities/Towns/Villages/Municipalities,Q959852,,,,
US,MO,Missouri,Weston,relation,141417,8,Cities/Towns/Villages/Municipalities,Q579781,,,,
US,MO,Missouri,Ridgely,relation,141418,8,Cities/Towns/Villages/Municipalities,Q2161634,,,,
US,MO,Missouri,Platte City,relation,141419,8,Cities/Towns/Villages/Municipalities,Q958341,,,,
US,MO,Missouri,Parkville,relation,141420,8,Cities/Towns/Villages/Municipalities,Q960219,,,,
US,MO,Missouri,Iatan,relation,141421,8,Cities/Towns/Villages/Municipalities,Q3295925,,,,
US,MO,Missouri,Ferrelview,relation,141423,8,Cities/Towns/Villages/Municipalities,Q930893,,,,
US,MO,Missouri,Farley,relation,141424,8,Cities/Towns/Villages/Municipalities,Q1891531,,,,
US,MO,Missouri,Edgerton,relation,141425,8,Cities/Towns/Villages/Municipalities,Q963645,,,,
US,MO,Missouri,Dearborn,relation,141426,8,Cities/Towns/Villages/Municipalities,Q965746,,,,
US,MO,Missouri,Camden Point,relation,141427,8,Cities/Towns/Villages/Municipalities,Q961780,,,,
US,MO,Missouri,Vanduser,relation,141428,8,Cities/Towns/Villages/Municipalities,Q2885458,,,,
US,MO,Missouri,Oran,relation,141429,8,Cities/Towns/Villages/Municipalities,Q956088,,,,
US,MO,Missouri,Morley,relation,141431,8,Cities/Towns/Villages/Municipalities,Q961498,,,,
US,MO,Missouri,Kelso,relation,141432,8,Cities/Towns/Villages/Municipalities,Q1738363,,,,
US,MO,Missouri,Haywood City,relation,141433,8,Cities/Towns/Villages/Municipalities,Q2157572,,,,
US,MO,Missouri,Diehlstadt,relation,141434,8,Cities/Towns/Villages/Municipalities,Q2565252,,,,
US,MO,Missouri,Commerce,relation,141435,8,Cities/Towns/Villages/Municipalities,Q1934399,,,,
US,MO,Missouri,Chaffee,relation,141438,8,Cities/Towns/Villages/Municipalities,Q958408,,,,
US,MO,Missouri,Blodgett,relation,141439,8,Cities/Towns/Villages/Municipalities,Q2989992,,,,
US,MO,Missouri,Sikeston,relation,141440,8,Cities/Towns/Villages/Municipalities,Q961229,,,,
US,MO,Missouri,Cape Girardeau,relation,141443,8,Cities/Towns/Villages/Municipalities,Q866294,,,,
US,MO,Missouri,Vienna,relation,141444,8,Cities/Towns/Villages/Municipalities,Q952461,,,,
US,MO,Missouri,Belle,relation,141446,8,Cities/Towns/Villages/Municipalities,Q631307,,,,
US,MO,Missouri,Argyle,relation,141447,8,Cities/Towns/Villages/Municipalities,Q953577,,,,
US,MO,Missouri,Rensselaer,relation,141448,8,Cities/Towns/Villages/Municipalities,Q2792987,,,,
US,MO,Missouri,Perry,relation,141449,8,Cities/Towns/Villages/Municipalities,Q953829,,,,
US,MO,Missouri,New London,relation,141452,8,Cities/Towns/Villages/Municipalities,Q962411,,,,
US,MO,Missouri,Hannibal,relation,141458,8,Cities/Towns/Villages/Municipalities,Q961975,,,,
US,MO,Missouri,Center,relation,141459,8,Cities/Towns/Villages/Municipalities,Q530678,,,,
US,MO,Missouri,Rushville,relation,141460,8,Cities/Towns/Villages/Municipalities,Q956326,,,,
US,MO,Missouri,Lewis and Clark Village,relation,141461,8,Cities/Towns/Villages/Municipalities,Q966622,,,,
US,MO,Missouri,Easton,relation,141462,8,Cities/Towns/Villages/Municipalities,Q952439,,,,
US,MO,Missouri,De Kalb,relation,141463,8,Cities/Towns/Villages/Municipalities,Q924680,,,,
US,MO,Missouri,Agency,relation,141464,8,Cities/Towns/Villages/Municipalities,Q933876,,,,
US,MO,Missouri,Park Hills,relation,141466,8,Cities/Towns/Villages/Municipalities,Q953562,,,,
US,MO,Missouri,Leadwood,relation,141467,8,Cities/Towns/Villages/Municipalities,Q953382,,,,
US,MO,Missouri,Leadington,relation,141468,8,Cities/Towns/Villages/Municipalities,Q967592,,,,
US,MO,Missouri,Iron Mountain Lake,relation,141470,8,Cities/Towns/Villages/Municipalities,Q953321,,,,
US,MO,Missouri,Farmington,relation,141471,8,Cities/Towns/Villages/Municipalities,Q968752,,,,
US,MO,Missouri,Bonne Terre,relation,141477,8,Cities/Towns/Villages/Municipalities,Q518513,,,,
US,MO,Missouri,Bismarck,relation,141478,8,Cities/Towns/Villages/Municipalities,Q962686,,,,
US,MO,Missouri,Walker,relation,141479,8,Cities/Towns/Villages/Municipalities,Q260705,,,,
US,MO,Missouri,Stotesbury,relation,141482,8,Cities/Towns/Villages/Municipalities,Q954561,,,,
US,MO,Missouri,Sheldon,relation,141483,8,Cities/Towns/Villages/Municipalities,Q962833,,,,
US,MO,Missouri,Schell City,relation,141484,8,Cities/Towns/Villages/Municipalities,Q588349,,,,
US,MO,Missouri,Richards,relation,141485,8,Cities/Towns/Villages/Municipalities,Q954621,,,,
US,MO,Missouri,Nevada,relation,141490,8,Cities/Towns/Villages/Municipalities,Q959584,,,,
US,MO,Missouri,Moundville,relation,141491,8,Cities/Towns/Villages/Municipalities,Q962906,,,,
US,MO,Missouri,Milo,relation,141495,8,Cities/Towns/Villages/Municipalities,Q389015,,,,
US,MO,Missouri,Metz,relation,141496,8,Cities/Towns/Villages/Municipalities,Q957027,,,,
US,MO,Missouri,Harwood,relation,141497,8,Cities/Towns/Villages/Municipalities,Q2690194,,,,
US,MO,Missouri,Deerfield,relation,141498,8,Cities/Towns/Villages/Municipalities,Q2414764,,,,
US,MO,Missouri,Bronaugh,relation,141499,8,Cities/Towns/Villages/Municipalities,Q2162802,,,,
US,MO,Missouri,Foristell,relation,141501,8,Cities/Towns/Villages/Municipalities,Q970328,,,,
US,MO,Missouri,Augusta,relation,141503,8,Cities/Towns/Villages/Municipalities,Q961881,,,,
US,MO,Missouri,Cottleville,relation,141507,8,Cities/Towns/Villages/Municipalities,Q969004,,,,
US,MO,Missouri,Dardenne Prairie,relation,141508,8,Cities/Towns/Villages/Municipalities,Q965184,,,,
US,MO,Missouri,Flint Hill,relation,141509,8,Cities/Towns/Villages/Municipalities,Q965328,,,,
US,MO,Missouri,Josephville,relation,141510,8,Cities/Towns/Villages/Municipalities,Q2434612,,,,
US,MO,Missouri,Lake Saint Louis,relation,141513,8,Cities/Towns/Villages/Municipalities,Q959786,,,,
US,MO,Missouri,New Melle,relation,141516,8,Cities/Towns/Villages/Municipalities,Q965358,,,,
US,MO,Missouri,OFallon,relation,141529,8,Cities/Towns/Villages/Municipalities,Q959924,,O'Fallon,,
US,MO,Missouri,Portage Des Sioux,relation,141532,8,Cities/Towns/Villages/Municipalities,Q959094,,,,
US,MO,Missouri,Saint Charles,relation,141548,8,Cities/Towns/Villages/Municipalities,Q773432,,,,
US,MO,Missouri,Saint Paul,relation,141550,8,Cities/Towns/Villages/Municipalities,Q967930,,,,
US,MO,Missouri,Saint Peters,relation,141554,8,Cities/Towns/Villages/Municipalities,Q963597,,,,
US,MO,Missouri,Weldon Spring,relation,141555,8,Cities/Towns/Villages/Municipalities,Q959598,,,,
US,MO,Missouri,Weldon Spring Heights,relation,141556,8,Cities/Towns/Villages/Municipalities,Q962857,,,,
US,MO,Missouri,Wentzville,relation,141572,8,Cities/Towns/Villages/Municipalities,Q80859,,,,
US,MO,Missouri,West Alton,relation,141573,8,Cities/Towns/Villages/Municipalities,Q960205,,,,
US,MO,Missouri,Aurora,relation,141576,8,Cities/Towns/Villages/Municipalities,Q952486,,,,
US,MO,Missouri,Freistatt,relation,141577,8,Cities/Towns/Villages/Municipalities,Q3295979,,,,
US,MO,Missouri,Halltown,relation,141578,8,Cities/Towns/Villages/Municipalities,Q2130723,,,,
US,MO,Missouri,Hoberg,relation,141579,8,Cities/Towns/Villages/Municipalities,Q1863933,,,,
US,MO,Missouri,Marionville,relation,141581,8,Cities/Towns/Villages/Municipalities,Q965440,,,,
US,MO,Missouri,Miller,relation,141582,8,Cities/Towns/Villages/Municipalities,Q953852,,,,
US,MO,Missouri,Mount Vernon,relation,141584,8,Cities/Towns/Villages/Municipalities,Q780433,,,,
US,MO,Missouri,Pierce City,relation,141585,8,Cities/Towns/Villages/Municipalities,Q958619,,,,
US,MO,Missouri,Stotts City,relation,141586,8,Cities/Towns/Villages/Municipalities,Q965089,,,,
US,MO,Missouri,Verona,relation,141587,8,Cities/Towns/Villages/Municipalities,Q959082,,,,
US,MO,Missouri,Blue Springs,relation,141592,8,Cities/Towns/Villages/Municipalities,Q379010,,,,
US,MO,Missouri,Buckner,relation,141594,8,Cities/Towns/Villages/Municipalities,Q952833,,,,
US,MO,Missouri,Grain Valley,relation,141595,8,Cities/Towns/Villages/Municipalities,Q954871,,,,
US,MO,Missouri,Lake Lotawana,relation,141596,8,Cities/Towns/Villages/Municipalities,Q953050,,,,
US,MO,Missouri,Lone Jack,relation,141598,8,Cities/Towns/Villages/Municipalities,Q962661,,,,
US,MO,Missouri,Sibley,relation,141599,8,Cities/Towns/Villages/Municipalities,Q2692498,,,,
US,MO,Missouri,Trenton,relation,141600,8,Cities/Towns/Villages/Municipalities,Q964707,,,,
US,MO,Missouri,Tindall,relation,141601,8,Cities/Towns/Villages/Municipalities,Q965195,,,,
US,MO,Missouri,Spickard,relation,141602,8,Cities/Towns/Villages/Municipalities,Q968037,,,,
US,MO,Missouri,Laredo,relation,141603,8,Cities/Towns/Villages/Municipalities,Q966205,,,,
US,MO,Missouri,Galt,relation,141604,8,Cities/Towns/Villages/Municipalities,Q958186,,,,
US,MO,Missouri,Brimson,relation,141605,8,Cities/Towns/Villages/Municipalities,Q2008605,,,,
US,MO,Missouri,Windsor Place,relation,141606,8,Cities/Towns/Villages/Municipalities,Q3709213,,,,
US,MO,Missouri,Wooldridge,relation,141607,8,Cities/Towns/Villages/Municipalities,Q2257333,,,,
US,MO,Missouri,Prairie Home,relation,141608,8,Cities/Towns/Villages/Municipalities,Q954314,,,,
US,MO,Missouri,Pilot Grove,relation,141610,8,Cities/Towns/Villages/Municipalities,Q967115,,,,
US,MO,Missouri,Otterville,relation,141611,8,Cities/Towns/Villages/Municipalities,Q952399,,,,
US,MO,Missouri,Bunceton,relation,141612,8,Cities/Towns/Villages/Municipalities,Q965867,,,,
US,MO,Missouri,Boonville,relation,141616,8,Cities/Towns/Villages/Municipalities,Q963325,,,,
US,MO,Missouri,Blackwater,relation,141618,8,Cities/Towns/Villages/Municipalities,Q952998,,,,
US,MO,Missouri,Arrow Point,relation,141620,8,Cities/Towns/Villages/Municipalities,Q2044743,,,,
US,MO,Missouri,Butterfield,relation,141621,8,Cities/Towns/Villages/Municipalities,Q2489437,,,,
US,MO,Missouri,Cassville,relation,141622,8,Cities/Towns/Villages/Municipalities,Q967185,,,,
US,MO,Missouri,Chain-O-Lakes,relation,141623,8,Cities/Towns/Villages/Municipalities,Q2709303,,,,
US,MO,Missouri,Emerald Beach,relation,141626,8,Cities/Towns/Villages/Municipalities,Q1335414,,,,
US,MO,Missouri,Exeter,relation,141627,8,Cities/Towns/Villages/Municipalities,Q957165,,,,
US,MO,Missouri,Monett,relation,141628,8,Cities/Towns/Villages/Municipalities,Q968021,,,,
US,MO,Missouri,Purdy,relation,141631,8,Cities/Towns/Villages/Municipalities,Q964928,,,,
US,MO,Missouri,Seligman,relation,141633,8,Cities/Towns/Villages/Municipalities,Q967852,,,,
US,MO,Missouri,Washburn,relation,141636,8,Cities/Towns/Villages/Municipalities,Q961532,,,,
US,MO,Missouri,Wheaton,relation,141637,8,Cities/Towns/Villages/Municipalities,Q960346,,,,
US,MO,Missouri,Golden City,relation,141639,8,Cities/Towns/Villages/Municipalities,Q387169,,,,
US,MO,Missouri,Liberal,relation,141641,8,Cities/Towns/Villages/Municipalities,Q963616,,,,
US,MO,Missouri,Milford,relation,141642,8,Cities/Towns/Villages/Municipalities,Q3300225,,,,
US,MO,Missouri,Mindenmines,relation,141643,8,Cities/Towns/Villages/Municipalities,Q967894,,,,
US,MO,Missouri,Fisk,relation,141644,8,Cities/Towns/Villages/Municipalities,Q960902,,,,
US,MO,Missouri,Neelyville,relation,141645,8,Cities/Towns/Villages/Municipalities,Q967986,,,,
US,MO,Missouri,Poplar Bluff,relation,141647,8,Cities/Towns/Villages/Municipalities,Q955462,,,,
US,MO,Missouri,Qulin,relation,141648,8,Cities/Towns/Villages/Municipalities,Q403681,,,,
US,MO,Missouri,Marquand,relation,141649,8,Cities/Towns/Villages/Municipalities,Q953711,,,,
US,MO,Missouri,Fredericktown,relation,141655,8,Cities/Towns/Villages/Municipalities,Q580217,,,,
US,MO,Missouri,Novelty,relation,141656,8,Cities/Towns/Villages/Municipalities,Q2788753,,,,
US,MO,Missouri,Knox City,relation,141658,8,Cities/Towns/Villages/Municipalities,Q962482,,,,
US,MO,Missouri,Hurdland,relation,141659,8,Cities/Towns/Villages/Municipalities,Q952759,,,,
US,MO,Missouri,Edina,relation,141660,8,Cities/Towns/Villages/Municipalities,Q959969,,,,
US,MO,Missouri,Baring,relation,141661,8,Cities/Towns/Villages/Municipalities,Q952570,,,,
US,MO,Missouri,Palmyra,relation,141662,8,Cities/Towns/Villages/Municipalities,Q952843,,,,
US,MO,Missouri,Portageville,relation,141664,8,Cities/Towns/Villages/Municipalities,Q968000,,,,
US,MO,Missouri,Canalou,relation,141665,8,Cities/Towns/Villages/Municipalities,Q965712,,,,
US,MO,Missouri,Catron,relation,141666,8,Cities/Towns/Villages/Municipalities,Q957895,,,,
US,MO,Missouri,Gideon,relation,141667,8,Cities/Towns/Villages/Municipalities,Q967644,,,,
US,MO,Missouri,Howardville,relation,141668,8,Cities/Towns/Villages/Municipalities,Q126068,,,,
US,MO,Missouri,Lilbourn,relation,141670,8,Cities/Towns/Villages/Municipalities,Q965836,,,,
US,MO,Missouri,Marston,relation,141671,8,Cities/Towns/Villages/Municipalities,Q964940,,,,
US,MO,Missouri,Matthews,relation,141672,8,Cities/Towns/Villages/Municipalities,Q970316,,,,
US,MO,Missouri,Morehouse,relation,141674,8,Cities/Towns/Villages/Municipalities,Q960295,,,,
US,MO,Missouri,New Madrid,relation,141675,8,Cities/Towns/Villages/Municipalities,Q963427,,,,
US,MO,Missouri,North Lilbourn,relation,141676,8,Cities/Towns/Villages/Municipalities,Q3300272,,,,
US,MO,Missouri,Parma,relation,141679,8,Cities/Towns/Villages/Municipalities,Q967838,,,,
US,MO,Missouri,Risco,relation,141680,8,Cities/Towns/Villages/Municipalities,Q967965,,,,
US,MO,Missouri,Tallapoosa,relation,141681,8,Cities/Towns/Villages/Municipalities,Q962801,,,,
US,MO,Missouri,Wardell,relation,141682,8,Cities/Towns/Villages/Municipalities,Q967143,,,,
US,MO,Missouri,Steele,relation,141686,8,Cities/Towns/Villages/Municipalities,Q955617,,,,
US,MO,Missouri,Pascola,relation,141687,8,Cities/Towns/Villages/Municipalities,Q1875997,,,,
US,MO,Missouri,Homestown,relation,141688,8,Cities/Towns/Villages/Municipalities,Q960863,,,,
US,MO,Missouri,Holland,relation,141689,8,Cities/Towns/Villages/Municipalities,Q964604,,,,
US,MO,Missouri,Cooter,relation,141690,8,Cities/Towns/Villages/Municipalities,Q965790,,,,
US,MO,Missouri,Caruthersville,relation,141692,8,Cities/Towns/Villages/Municipalities,Q952886,,,,
US,MO,Missouri,Bragg City,relation,141693,8,Cities/Towns/Villages/Municipalities,Q967522,,,,
US,MO,Missouri,Rockville,relation,141694,8,Cities/Towns/Villages/Municipalities,Q954179,,,,
US,MO,Missouri,Rich Hill,relation,141698,8,Cities/Towns/Villages/Municipalities,Q960231,,,,
US,MO,Missouri,Passaic,relation,141699,8,Cities/Towns/Villages/Municipalities,Q953119,,,,
US,MO,Missouri,Merwin,relation,141700,8,Cities/Towns/Villages/Municipalities,Q2543454,,,,
US,MO,Missouri,Hume,relation,141701,8,Cities/Towns/Villages/Municipalities,Q967472,,,,
US,MO,Missouri,Foster,relation,141702,8,Cities/Towns/Villages/Municipalities,Q2152194,,,,
US,MO,Missouri,Butler,relation,141704,8,Cities/Towns/Villages/Municipalities,Q955151,,,,
US,MO,Missouri,Amsterdam,relation,141705,8,Cities/Towns/Villages/Municipalities,Q959016,,,,
US,MO,Missouri,Amoret,relation,141706,8,Cities/Towns/Villages/Municipalities,Q936431,,,,
US,MO,Missouri,Adrian,relation,141707,8,Cities/Towns/Villages/Municipalities,Q372306,,,,
US,MO,Missouri,Drexel,relation,141708,8,Cities/Towns/Villages/Municipalities,Q962158,,,,
US,MO,Missouri,Warsaw,relation,141711,8,Cities/Towns/Villages/Municipalities,Q967161,,,,
US,MO,Missouri,Lincoln,relation,141712,8,Cities/Towns/Villages/Municipalities,Q961897,,,,
US,MO,Missouri,Cole Camp,relation,141713,8,Cities/Towns/Villages/Municipalities,Q957564,,,,
US,MO,Missouri,Umber View Heights,relation,141714,8,Cities/Towns/Villages/Municipalities,Q2027318,,,,
US,MO,Missouri,Stockton,relation,141716,8,Cities/Towns/Villages/Municipalities,Q956279,,,,
US,MO,Missouri,Jerico Springs,relation,141717,8,Cities/Towns/Villages/Municipalities,Q2324422,,,,
US,MO,Missouri,El Dorado Springs,relation,141719,8,Cities/Towns/Villages/Municipalities,Q1023032,,,,
US,MO,Missouri,Weatherby,relation,141720,8,Cities/Towns/Villages/Municipalities,Q958844,,,,
US,MO,Missouri,Union Star,relation,141721,8,Cities/Towns/Villages/Municipalities,Q958765,,,,
US,MO,Missouri,Stewartsville,relation,141723,8,Cities/Towns/Villages/Municipalities,Q960194,,,,
US,MO,Missouri,Maysville,relation,141724,8,Cities/Towns/Villages/Municipalities,Q953104,,,,
US,MO,Missouri,Clarksdale,relation,141725,8,Cities/Towns/Villages/Municipalities,Q962186,,,,
US,MO,Missouri,Amity,relation,141726,8,Cities/Towns/Villages/Municipalities,Q957954,,,,
US,MO,Missouri,Stanberry,relation,141728,8,Cities/Towns/Villages/Municipalities,Q966833,,,,
US,MO,Missouri,McFall,relation,141729,8,Cities/Towns/Villages/Municipalities,Q967950,,,,
US,MO,Missouri,King City,relation,141730,8,Cities/Towns/Villages/Municipalities,Q953366,,,,
US,MO,Missouri,Gentry,relation,141731,8,Cities/Towns/Villages/Municipalities,Q2011782,,,,
US,MO,Missouri,Darlington,relation,141732,8,Cities/Towns/Villages/Municipalities,Q1824749,,,,
US,MO,Missouri,Albany,relation,141733,8,Cities/Towns/Villages/Municipalities,Q945046,,,,
US,MO,Missouri,Oregon,relation,141734,8,Cities/Towns/Villages/Municipalities,Q959544,,,,
US,MO,Missouri,Mound City,relation,141735,8,Cities/Towns/Villages/Municipalities,Q964543,,,,
US,MO,Missouri,Maitland,relation,141736,8,Cities/Towns/Villages/Municipalities,Q953818,,,,
US,MO,Missouri,Fortescue,relation,141737,8,Cities/Towns/Villages/Municipalities,Q968894,,,,
US,MO,Missouri,Forest City,relation,141738,8,Cities/Towns/Villages/Municipalities,Q952768,,,,
US,MO,Missouri,Craig,relation,141739,8,Cities/Towns/Villages/Municipalities,Q964685,,,,
US,MO,Missouri,Corning,relation,141740,8,Cities/Towns/Villages/Municipalities,Q954633,,,,
US,MO,Missouri,Big Lake,relation,141745,8,Cities/Towns/Villages/Municipalities,Q2220761,,,,
US,MO,Missouri,Bigelow,relation,141746,8,Cities/Towns/Villages/Municipalities,Q1941019,,,,
US,MO,Missouri,Joplin,relation,141747,8,Cities/Towns/Villages/Municipalities,Q317865,,,,
US,MO,Missouri,Alba,relation,141748,8,Cities/Towns/Villages/Municipalities,Q962230,,,,
US,MO,Missouri,Asbury,relation,141749,8,Cities/Towns/Villages/Municipalities,Q966950,,,,
US,MO,Missouri,Avilla,relation,141750,8,Cities/Towns/Villages/Municipalities,Q958804,,,,
US,MO,Missouri,Brooklyn Heights,relation,141751,8,Cities/Towns/Villages/Municipalities,Q966538,,,,
US,MO,Missouri,Carl Junction,relation,141752,8,Cities/Towns/Villages/Municipalities,Q953178,,,,
US,MO,Missouri,Carthage,relation,141754,8,Cities/Towns/Villages/Municipalities,Q729304,,,,
US,MO,Missouri,Carytown,relation,141755,8,Cities/Towns/Villages/Municipalities,Q967449,,,,
US,MO,Missouri,Duenweg,relation,141756,8,Cities/Towns/Villages/Municipalities,Q965735,,,,
US,MO,Missouri,Duquesne,relation,141757,8,Cities/Towns/Villages/Municipalities,Q2791175,,,,
US,MO,Missouri,Fidelity,relation,141758,8,Cities/Towns/Villages/Municipalities,Q966045,,,,
US,MO,Missouri,Jasper,relation,141759,8,Cities/Towns/Villages/Municipalities,Q943002,,,,
US,MO,Missouri,La Russell,relation,141760,8,Cities/Towns/Villages/Municipalities,Q956778,,,,
US,MO,Missouri,Neck City,relation,141761,8,Cities/Towns/Villages/Municipalities,Q954067,,,,
US,MO,Missouri,Oronogo,relation,141762,8,Cities/Towns/Villages/Municipalities,Q953778,,,,
US,MO,Missouri,Reeds,relation,141763,8,Cities/Towns/Villages/Municipalities,Q962938,,,,
US,MO,Missouri,Sarcoxie,relation,141764,8,Cities/Towns/Villages/Municipalities,Q958565,,,,
US,MO,Missouri,Waco,relation,141765,8,Cities/Towns/Villages/Municipalities,Q958754,,,,
US,MO,Missouri,Webb City,relation,141766,8,Cities/Towns/Villages/Municipalities,Q966405,,,,
US,MO,Missouri,Ginger Blue,relation,141767,8,Cities/Towns/Villages/Municipalities,Q3459614,,,,
US,MO,Missouri,Goodman,relation,141768,8,Cities/Towns/Villages/Municipalities,Q967708,,,,
US,MO,Missouri,Lanagan,relation,141769,8,Cities/Towns/Villages/Municipalities,Q954326,,,,
US,MO,Missouri,Noel,relation,141770,8,Cities/Towns/Villages/Municipalities,Q954354,,,,
US,MO,Missouri,Pineville,relation,141771,8,Cities/Towns/Villages/Municipalities,Q939672,,,,
US,MO,Missouri,Southwest City,relation,141772,8,Cities/Towns/Villages/Municipalities,Q968090,,,,
US,MO,Missouri,Perryville,relation,141773,8,Cities/Towns/Villages/Municipalities,Q955539,,,,
US,MO,Missouri,Longtown,relation,141774,8,Cities/Towns/Villages/Municipalities,Q958819,,,,
US,MO,Missouri,Wyaconda,relation,141776,8,Cities/Towns/Villages/Municipalities,Q958832,,,,
US,MO,Missouri,Wayland,relation,141778,8,Cities/Towns/Villages/Municipalities,Q586860,,,,
US,MO,Missouri,Revere,relation,141779,8,Cities/Towns/Villages/Municipalities,Q959131,,,,
US,MO,Missouri,Luray,relation,141780,8,Cities/Towns/Villages/Municipalities,Q2480840,,,,
US,MO,Missouri,Kahoka,relation,141781,8,Cities/Towns/Villages/Municipalities,Q962342,,,,
US,MO,Missouri,Alexandria,relation,141782,8,Cities/Towns/Villages/Municipalities,Q961844,,,,
US,MO,Missouri,South Greenfield,relation,141783,8,Cities/Towns/Villages/Municipalities,Q2659960,,,,
US,MO,Missouri,Lockwood,relation,141784,8,Cities/Towns/Villages/Municipalities,Q953163,,,,
US,MO,Missouri,Greenfield,relation,141785,8,Cities/Towns/Villages/Municipalities,Q952507,,,,
US,MO,Missouri,Everton,relation,141786,8,Cities/Towns/Villages/Municipalities,Q953351,,,,
US,MO,Missouri,Dadeville,relation,141787,8,Cities/Towns/Villages/Municipalities,Q3293306,,,,
US,MO,Missouri,Arcola,relation,141788,8,Cities/Towns/Villages/Municipalities,Q3293294,,,,
US,MO,Missouri,Urbana,relation,141789,8,Cities/Towns/Villages/Municipalities,Q959522,,,,
US,MO,Missouri,Louisburg,relation,141790,8,Cities/Towns/Villages/Municipalities,Q2398222,,,,
US,MO,Missouri,Buffalo,relation,141791,8,Cities/Towns/Villages/Municipalities,Q956852,,,,
US,MO,Missouri,Potosi,relation,141792,8,Cities/Towns/Villages/Municipalities,Q955174,,,,
US,MO,Missouri,Mineral Point,relation,141793,8,Cities/Towns/Villages/Municipalities,Q966024,,,,
US,MO,Missouri,Irondale,relation,141794,8,Cities/Towns/Villages/Municipalities,Q961813,,,,
US,MO,Missouri,Caledonia,relation,141795,8,Cities/Towns/Villages/Municipalities,Q594529,,,,
US,MO,Missouri,Pleasant Hope,relation,141796,8,Cities/Towns/Villages/Municipalities,Q955940,,,,
US,MO,Missouri,Morrisville,relation,141797,8,Cities/Towns/Villages/Municipalities,Q964140,,,,
US,MO,Missouri,Humansville,relation,141798,8,Cities/Towns/Villages/Municipalities,Q952418,,,,
US,MO,Missouri,Halfway,relation,141799,8,Cities/Towns/Villages/Municipalities,Q2855117,,,,
US,MO,Missouri,Goodnight,relation,141800,8,Cities/Towns/Villages/Municipalities,Q3459730,,,,
US,MO,Missouri,Flemington,relation,141801,8,Cities/Towns/Villages/Municipalities,Q2008939,,,,
US,MO,Missouri,Fair Play,relation,141802,8,Cities/Towns/Villages/Municipalities,Q957644,,,,
US,MO,Missouri,Bolivar,relation,141803,8,Cities/Towns/Villages/Municipalities,Q959797,,,,
US,MO,Missouri,Aldrich,relation,141804,8,Cities/Towns/Villages/Municipalities,Q3013324,,,,
US,MO,Missouri,Neosho,relation,6705784,8,Cities/Towns/Villages/Municipalities,Q1000065,,,,
US,MO,Missouri,Platte Woods,relation,7369708,8,Cities/Towns/Villages/Municipalities,Q953880,,,,
US,MO,Missouri,Lake Waukomis,relation,7369710,8,Cities/Towns/Villages/Municipalities,Q963891,,,,
US,MO,Missouri,Houston Lake,relation,7369729,8,Cities/Towns/Villages/Municipalities,Q954462,,,,
US,MO,Missouri,Three Creeks,relation,13348365,8,Cities/Towns/Villages/Municipalities,Q7797416,,,,
US,MO,Missouri,Jane,relation,13348390,8,Cities/Towns/Villages/Municipalities,Q3473240,,,,
US,MO,Missouri,Newark,relation,16777069,8,Cities/Towns/Villages/Municipalities,Q2131916,,,,
